"DAGGER","ASTERISK","PDX","SDX"
"A010","G01","G01","A010"
"A010","I390","I390","A010"
"A010","I391","I391","A010"
"A010","I392","I392","A010"
"A010","I393","I393","A010"
"A010","I394","I394","A010"
"A010","I398","I398","A010"
"A010","I410","I410","A010"
"A010","J170","J170","A010"
"A010","M013","M013","A010"
"A010","M0130","M0130","A010"
"A010","M0131","M0131","A010"
"A010","M0132","M0132","A010"
"A010","M0133","M0133","A010"
"A010","M0134","M0134","A010"
"A010","M0135","M0135","A010"
"A010","M0136","M0136","A010"
"A010","M0137","M0137","A010"
"A010","M0138","M0138","A010"
"A010","M0139","M0139","A010"
"A010","M492","M492","A010"
"A010","M4920","M4920","A010"
"A010","M4921","M4921","A010"
"A010","M4922","M4922","A010"
"A010","M4923","M4923","A010"
"A010","M4924","M4924","A010"
"A010","M4925","M4925","A010"
"A010","M4926","M4926","A010"
"A010","M4927","M4927","A010"
"A010","M4928","M4928","A010"
"A010","M4929","M4929","A010"
"A010","M902","M902","A010"
"A010","M9020","M9020","A010"
"A010","M9021","M9021","A010"
"A010","M9022","M9022","A010"
"A010","M9023","M9023","A010"
"A010","M9024","M9024","A010"
"A010","M9025","M9025","A010"
"A010","M9026","M9026","A010"
"A010","M9027","M9027","A010"
"A010","M9028","M9028","A010"
"A010","M9029","M9029","A010"
"A011","M013","M013","A011"
"A011","M0130","M0130","A011"
"A011","M0131","M0131","A011"
"A011","M0132","M0132","A011"
"A011","M0133","M0133","A011"
"A011","M0134","M0134","A011"
"A011","M0135","M0135","A011"
"A011","M0136","M0136","A011"
"A011","M0137","M0137","A011"
"A011","M0138","M0138","A011"
"A011","M0139","M0139","A011"
"A012","M013","M013","A012"
"A012","M0130","M0130","A012"
"A012","M0131","M0131","A012"
"A012","M0132","M0132","A012"
"A012","M0133","M0133","A012"
"A012","M0134","M0134","A012"
"A012","M0135","M0135","A012"
"A012","M0136","M0136","A012"
"A012","M0137","M0137","A012"
"A012","M0138","M0138","A012"
"A012","M0139","M0139","A012"
"A013","M013","M013","A013"
"A013","M0130","M0130","A013"
"A013","M0131","M0131","A013"
"A013","M0132","M0132","A013"
"A013","M0133","M0133","A013"
"A013","M0134","M0134","A013"
"A013","M0135","M0135","A013"
"A013","M0136","M0136","A013"
"A013","M0137","M0137","A013"
"A013","M0138","M0138","A013"
"A013","M0139","M0139","A013"
"A014","M013","M013","A014"
"A014","M0130","M0130","A014"
"A014","M0131","M0131","A014"
"A014","M0132","M0132","A014"
"A014","M0133","M0133","A014"
"A014","M0134","M0134","A014"
"A014","M0135","M0135","A014"
"A014","M0136","M0136","A014"
"A014","M0137","M0137","A014"
"A014","M0138","M0138","A014"
"A014","M0139","M0139","A014"
"A022","G01","G01","A022"
"A022","J170","J170","A022"
"A022","M013","M013","A022"
"A022","M0130","M0130","A022"
"A022","M0131","M0131","A022"
"A022","M0132","M0132","A022"
"A022","M0133","M0133","A022"
"A022","M0134","M0134","A022"
"A022","M0135","M0135","A022"
"A022","M0136","M0136","A022"
"A022","M0137","M0137","A022"
"A022","M0138","M0138","A022"
"A022","M0139","M0139","A022"
"A022","M902","M902","A022"
"A022","M9020","M9020","A022"
"A022","M9021","M9021","A022"
"A022","M9022","M9022","A022"
"A022","M9023","M9023","A022"
"A022","M9024","M9024","A022"
"A022","M9025","M9025","A022"
"A022","M9026","M9026","A022"
"A022","M9027","M9027","A022"
"A022","M9028","M9028","A022"
"A022","M9029","M9029","A022"
"A022","N160","N160","A022"
"A039","M013","M013","A039"
"A039","M0130","M0130","A039"
"A039","M0131","M0131","A039"
"A039","M0132","M0132","A039"
"A039","M0133","M0133","A039"
"A039","M0134","M0134","A039"
"A039","M0135","M0135","A039"
"A039","M0136","M0136","A039"
"A039","M0137","M0137","A039"
"A039","M0138","M0138","A039"
"A039","M0139","M0139","A039"
"A046","M032","M032","A046"
"A046","M0320","M0320","A046"
"A046","M0321","M0321","A046"
"A046","M0322","M0322","A046"
"A046","M0323","M0323","A046"
"A046","M0324","M0324","A046"
"A046","M0325","M0325","A046"
"A046","M0326","M0326","A046"
"A046","M0327","M0327","A046"
"A046","M0328","M0328","A046"
"A046","M0329","M0329","A046"
"A049","M492","M492","A049"
"A049","M4920","M4920","A049"
"A049","M4921","M4921","A049"
"A049","M4922","M4922","A049"
"A049","M4923","M4923","A049"
"A049","M4924","M4924","A049"
"A049","M4925","M4925","A049"
"A049","M4926","M4926","A049"
"A049","M4927","M4927","A049"
"A049","M4928","M4928","A049"
"A049","M4929","M4929","A049"
"A068","N512","N512","A068"
"A085","M018","M018","A085"
"A085","M0180","M0180","A085"
"A085","M0181","M0181","A085"
"A085","M0182","M0182","A085"
"A085","M0183","M0183","A085"
"A085","M0184","M0184","A085"
"A085","M0185","M0185","A085"
"A085","M0186","M0186","A085"
"A085","M0187","M0187","A085"
"A085","M0188","M0188","A085"
"A085","M0189","M0189","A085"
"A09","M018","M018","A09"
"A09","M0180","M0180","A09"
"A09","M0181","M0181","A09"
"A09","M0182","M0182","A09"
"A09","M0183","M0183","A09"
"A09","M0184","M0184","A09"
"A09","M0185","M0185","A09"
"A09","M0186","M0186","A09"
"A09","M0187","M0187","A09"
"A09","M0188","M0188","A09"
"A09","M0189","M0189","A09"
"A180","H750","H750","A180"
"A181","N510","N510","A181"
"A181","N511","N511","A181"
"A181","N512","N512","A181"
"A181","N518","N518","A181"
"A181","N740","N740","A181"
"A181","N741","N741","A181"
"A181","N770","N770","A181"
"A181","N771","N771","A181"
"A184","H031","H031","A184"
"A188","D638","D638","A188"
"A188","D77","D77","A188"
"A188","E350","E350","A188"
"A188","E358","E358","A188"
"A188","I320","I320","A188"
"A188","I390","I390","A188"
"A188","I391","I391","A188"
"A188","I392","I392","A188"
"A188","I393","I393","A188"
"A188","I394","I394","A188"
"A188","I398","I398","A188"
"A188","I410","I410","A188"
"A188","I430","I430","A188"
"A188","I681","I681","A188"
"A188","I798","I798","A188"
"A188","K230","K230","A188"
"A188","K770","K770","A188"
"A188","K870","K870","A188"
"A188","K871","K871","A188"
"A188","K938","K938","A188"
"A188","M368","M368","A188"
"A188","M630","M630","A188"
"A188","M738","M738","A188"
"A188","M7380","M7380","A188"
"A188","M7381","M7381","A188"
"A188","M7382","M7382","A188"
"A188","M7383","M7383","A188"
"A188","M7384","M7384","A188"
"A188","M7385","M7385","A188"
"A188","M7386","M7386","A188"
"A188","M7387","M7387","A188"
"A188","M7388","M7388","A188"
"A188","M7389","M7389","A188"
"A300","G630","G630","A300"
"A300","H031","H031","A300"
"A300","H192","H192","A300"
"A300","H220","H220","A300"
"A300","H320","H320","A300"
"A300","M013","M013","A300"
"A300","M0130","M0130","A300"
"A300","M0131","M0131","A300"
"A300","M0132","M0132","A300"
"A300","M0133","M0133","A300"
"A300","M0134","M0134","A300"
"A300","M0135","M0135","A300"
"A300","M0136","M0136","A300"
"A300","M0137","M0137","A300"
"A300","M0138","M0138","A300"
"A300","M0139","M0139","A300"
"A300","M630","M630","A300"
"A301","G630","G630","A301"
"A301","H031","H031","A301"
"A301","H192","H192","A301"
"A301","H220","H220","A301"
"A301","H320","H320","A301"
"A301","M013","M013","A301"
"A301","M0130","M0130","A301"
"A301","M0131","M0131","A301"
"A301","M0132","M0132","A301"
"A301","M0133","M0133","A301"
"A301","M0134","M0134","A301"
"A301","M0135","M0135","A301"
"A301","M0136","M0136","A301"
"A301","M0137","M0137","A301"
"A301","M0138","M0138","A301"
"A301","M0139","M0139","A301"
"A301","M630","M630","A301"
"A302","G630","G630","A302"
"A302","H031","H031","A302"
"A302","H192","H192","A302"
"A302","H220","H220","A302"
"A302","H320","H320","A302"
"A302","M013","M013","A302"
"A302","M0130","M0130","A302"
"A302","M0131","M0131","A302"
"A302","M0132","M0132","A302"
"A302","M0133","M0133","A302"
"A302","M0134","M0134","A302"
"A302","M0135","M0135","A302"
"A302","M0136","M0136","A302"
"A302","M0137","M0137","A302"
"A302","M0138","M0138","A302"
"A302","M0139","M0139","A302"
"A302","M630","M630","A302"
"A303","G630","G630","A303"
"A303","H031","H031","A303"
"A303","H192","H192","A303"
"A303","H220","H220","A303"
"A303","H320","H320","A303"
"A303","M013","M013","A303"
"A303","M0130","M0130","A303"
"A303","M0131","M0131","A303"
"A303","M0132","M0132","A303"
"A303","M0133","M0133","A303"
"A303","M0134","M0134","A303"
"A303","M0135","M0135","A303"
"A303","M0136","M0136","A303"
"A303","M0137","M0137","A303"
"A303","M0138","M0138","A303"
"A303","M0139","M0139","A303"
"A303","M630","M630","A303"
"A304","G630","G630","A304"
"A304","H031","H031","A304"
"A304","H192","H192","A304"
"A304","H220","H220","A304"
"A304","H320","H320","A304"
"A304","M013","M013","A304"
"A304","M0130","M0130","A304"
"A304","M0131","M0131","A304"
"A304","M0132","M0132","A304"
"A304","M0133","M0133","A304"
"A304","M0134","M0134","A304"
"A304","M0135","M0135","A304"
"A304","M0136","M0136","A304"
"A304","M0137","M0137","A304"
"A304","M0138","M0138","A304"
"A304","M0139","M0139","A304"
"A304","M630","M630","A304"
"A305","G630","G630","A305"
"A305","H031","H031","A305"
"A305","H192","H192","A305"
"A305","H220","H220","A305"
"A305","H320","H320","A305"
"A305","M013","M013","A305"
"A305","M0130","M0130","A305"
"A305","M0131","M0131","A305"
"A305","M0132","M0132","A305"
"A305","M0133","M0133","A305"
"A305","M0134","M0134","A305"
"A305","M0135","M0135","A305"
"A305","M0136","M0136","A305"
"A305","M0137","M0137","A305"
"A305","M0138","M0138","A305"
"A305","M0139","M0139","A305"
"A305","M630","M630","A305"
"A308","G630","G630","A308"
"A308","H031","H031","A308"
"A308","H192","H192","A308"
"A308","H220","H220","A308"
"A308","H320","H320","A308"
"A308","M013","M013","A308"
"A308","M0130","M0130","A308"
"A308","M0131","M0131","A308"
"A308","M0132","M0132","A308"
"A308","M0133","M0133","A308"
"A308","M0134","M0134","A308"
"A308","M0135","M0135","A308"
"A308","M0136","M0136","A308"
"A308","M0137","M0137","A308"
"A308","M0138","M0138","A308"
"A308","M0139","M0139","A308"
"A308","M630","M630","A308"
"A309","G630","G630","A309"
"A309","H031","H031","A309"
"A309","H192","H192","A309"
"A309","H220","H220","A309"
"A309","H320","H320","A309"
"A309","M013","M013","A309"
"A309","M0130","M0130","A309"
"A309","M0131","M0131","A309"
"A309","M0132","M0132","A309"
"A309","M0133","M0133","A309"
"A309","M0134","M0134","A309"
"A309","M0135","M0135","A309"
"A309","M0136","M0136","A309"
"A309","M0137","M0137","A309"
"A309","M0138","M0138","A309"
"A309","M0139","M0139","A309"
"A309","M630","M630","A309"
"A321","G01","G01","A321"
"A321","G050","G050","A321"
"A328","I398","I398","A328"
"A328","I681","I681","A328"
"A368","G050","G050","A368"
"A368","G630","G630","A368"
"A368","H131","H131","A368"
"A368","H228","H228","A368"
"A368","I410","I410","A368"
"A368","I430","I430","A368"
"A368","K678","K678","A368"
"A368","N160","N160","A368"
"A368","N338","N338","A368"
"A38","I410","I410","A38"
"A391","E351","E351","A391"
"A398","G050","G050","A398"
"A398","H131","H131","A398"
"A398","H481","H481","A398"
"A398","M010","M010","A398"
"A398","M0100","M0100","A398"
"A398","M0101","M0101","A398"
"A398","M0102","M0102","A398"
"A398","M0103","M0103","A398"
"A398","M0104","M0104","A398"
"A398","M0105","M0105","A398"
"A398","M0106","M0106","A398"
"A398","M0107","M0107","A398"
"A398","M0108","M0108","A398"
"A398","M0109","M0109","A398"
"A398","M030","M030","A398"
"A398","M0300","M0300","A398"
"A398","M0301","M0301","A398"
"A398","M0302","M0302","A398"
"A398","M0303","M0303","A398"
"A398","M0304","M0304","A398"
"A398","M0305","M0305","A398"
"A398","M0306","M0306","A398"
"A398","M0307","M0307","A398"
"A398","M0308","M0308","A398"
"A398","M0309","M0309","A398"
"A399","G01","G01","A399"
"A428","G01","G01","A428"
"A428","G050","G050","A428"
"A488","M013","M013","A488"
"A488","M0130","M0130","A488"
"A488","M0131","M0131","A488"
"A488","M0132","M0132","A488"
"A488","M0133","M0133","A488"
"A488","M0134","M0134","A488"
"A488","M0135","M0135","A488"
"A488","M0136","M0136","A488"
"A488","M0137","M0137","A488"
"A488","M0138","M0138","A488"
"A488","M0139","M0139","A488"
"A499","M013","M013","A499"
"A499","M0130","M0130","A499"
"A499","M0131","M0131","A499"
"A499","M0132","M0132","A499"
"A499","M0133","M0133","A499"
"A499","M0134","M0134","A499"
"A499","M0135","M0135","A499"
"A499","M0136","M0136","A499"
"A499","M0137","M0137","A499"
"A499","M0138","M0138","A499"
"A499","M0139","M0139","A499"
"A500","D77","D77","A500"
"A500","H060","H060","A500"
"A500","H220","H220","A500"
"A500","H320","H320","A500"
"A500","H588","H588","A500"
"A500","H948","H948","A500"
"A500","J998","J998","A500"
"A500","K672","K672","A500"
"A500","K770","K770","A500"
"A500","M901","M901","A500"
"A500","M9010","M9010","A500"
"A500","M9011","M9011","A500"
"A500","M9012","M9012","A500"
"A500","M9013","M9013","A500"
"A500","M9014","M9014","A500"
"A500","M9015","M9015","A500"
"A500","M9016","M9016","A500"
"A500","M9017","M9017","A500"
"A500","M9018","M9018","A500"
"A500","M9019","M9019","A500"
"A500","M902","M902","A500"
"A500","M9020","M9020","A500"
"A500","M9021","M9021","A500"
"A500","M9022","M9022","A500"
"A500","M9023","M9023","A500"
"A500","M9024","M9024","A500"
"A500","M9025","M9025","A500"
"A500","M9026","M9026","A500"
"A500","M9027","M9027","A500"
"A500","M9028","M9028","A500"
"A500","M9029","M9029","A500"
"A504","H480","H480","A504"
"A505","E358","E358","A505"
"A505","I520","I520","A505"
"A505","I790","I790","A505"
"A505","I791","I791","A505"
"A505","I798","I798","A505"
"A505","I980","I980","A505"
"A505","J998","J998","A505"
"A505","K238","K238","A505"
"A505","K770","K770","A505"
"A505","M031","M031","A505"
"A505","M0310","M0310","A505"
"A505","M0311","M0311","A505"
"A505","M0312","M0312","A505"
"A505","M0313","M0313","A505"
"A505","M0314","M0314","A505"
"A505","M0315","M0315","A505"
"A505","M0316","M0316","A505"
"A505","M0317","M0317","A505"
"A505","M0318","M0318","A505"
"A505","M0319","M0319","A505"
"A505","M493","M493","A505"
"A505","M4930","M4930","A505"
"A505","M4931","M4931","A505"
"A505","M4932","M4932","A505"
"A505","M4933","M4933","A505"
"A505","M4934","M4934","A505"
"A505","M4935","M4935","A505"
"A505","M4936","M4936","A505"
"A505","M4937","M4937","A505"
"A505","M4938","M4938","A505"
"A505","M4939","M4939","A505"
"A505","M902","M902","A505"
"A505","M9020","M9020","A505"
"A505","M9021","M9021","A505"
"A505","M9022","M9022","A505"
"A505","M9023","M9023","A505"
"A505","M9024","M9024","A505"
"A505","M9025","M9025","A505"
"A505","M9026","M9026","A505"
"A505","M9027","M9027","A505"
"A505","M9028","M9028","A505"
"A505","M9029","M9029","A505"
"A505","N080","N080","A505"
"A514","G01","G01","A514"
"A514","H220","H220","A514"
"A514","H320","H320","A514"
"A514","H588","H588","A514"
"A514","K770","K770","A514"
"A514","M630","M630","A514"
"A514","M901","M901","A514"
"A514","M9010","M9010","A514"
"A514","M9011","M9011","A514"
"A514","M9012","M9012","A514"
"A514","M9013","M9013","A514"
"A514","M9014","M9014","A514"
"A514","M9015","M9015","A514"
"A514","M9016","M9016","A514"
"A514","M9017","M9017","A514"
"A514","M9018","M9018","A514"
"A514","M9019","M9019","A514"
"A514","M902","M902","A514"
"A514","M9020","M9020","A514"
"A514","M9021","M9021","A514"
"A514","M9022","M9022","A514"
"A514","M9023","M9023","A514"
"A514","M9024","M9024","A514"
"A514","M9025","M9025","A514"
"A514","M9026","M9026","A514"
"A514","M9027","M9027","A514"
"A514","M9028","M9028","A514"
"A514","M9029","M9029","A514"
"A514","N080","N080","A514"
"A514","N742","N742","A514"
"A520","H368","H368","A520"
"A520","I681","I681","A520"
"A520","I688","I688","A520"
"A521","H320","H320","A521"
"A521","H368","H368","A521"
"A521","H480","H480","A521"
"A521","H481","H481","A521"
"A521","H588","H588","A521"
"A521","H940","H940","A521"
"A521","H948","H948","A521"
"A521","M013","M013","A521"
"A521","M0130","M0130","A521"
"A521","M0131","M0131","A521"
"A521","M0132","M0132","A521"
"A521","M0133","M0133","A521"
"A521","M0134","M0134","A521"
"A521","M0135","M0135","A521"
"A521","M0136","M0136","A521"
"A521","M0137","M0137","A521"
"A521","M0138","M0138","A521"
"A521","M0139","M0139","A521"
"A521","M146","M146","A521"
"A521","M494","M494","A521"
"A521","M4940","M4940","A521"
"A521","M4941","M4941","A521"
"A521","M4942","M4942","A521"
"A521","M4943","M4943","A521"
"A521","M4944","M4944","A521"
"A521","M4945","M4945","A521"
"A521","M4946","M4946","A521"
"A521","M4947","M4947","A521"
"A521","M4948","M4948","A521"
"A521","M4949","M4949","A521"
"A521","M902","M902","A521"
"A521","M9020","M9020","A521"
"A521","M9021","M9021","A521"
"A521","M9022","M9022","A521"
"A521","M9023","M9023","A521"
"A521","M9024","M9024","A521"
"A521","M9025","M9025","A521"
"A521","M9026","M9026","A521"
"A521","M9027","M9027","A521"
"A521","M9028","M9028","A521"
"A521","M9029","M9029","A521"
"A527","D638","D638","A527"
"A527","D77","D77","A527"
"A527","E350","E350","A527"
"A527","E351","E351","A527"
"A527","E358","E358","A527"
"A527","G598","G598","A527"
"A527","H031","H031","A527"
"A527","H060","H060","A527"
"A527","H063","H063","A527"
"A527","H131","H131","A527"
"A527","H190","H190","A527"
"A527","H192","H192","A527"
"A527","H198","H198","A527"
"A527","H220","H220","A527"
"A527","H228","H228","A527"
"A527","H288","H288","A527"
"A527","H320","H320","A527"
"A527","H428","H428","A527"
"A527","H450","H450","A527"
"A527","H458","H458","A527"
"A527","H581","H581","A527"
"A527","H588","H588","A527"
"A527","H758","H758","A527"
"A527","H948","H948","A527"
"A527","I988","I988","A527"
"A527","J998","J998","A527"
"A527","K238","K238","A527"
"A527","K672","K672","A527"
"A527","K770","K770","A527"
"A527","K870","K870","A527"
"A527","K871","K871","A527"
"A527","K938","K938","A527"
"A527","L998","L998","A527"
"A527","M013","M013","A527"
"A527","M0130","M0130","A527"
"A527","M0131","M0131","A527"
"A527","M0132","M0132","A527"
"A527","M0133","M0133","A527"
"A527","M0134","M0134","A527"
"A527","M0135","M0135","A527"
"A527","M0136","M0136","A527"
"A527","M0137","M0137","A527"
"A527","M0138","M0138","A527"
"A527","M0139","M0139","A527"
"A527","M031","M031","A527"
"A527","M0310","M0310","A527"
"A527","M0311","M0311","A527"
"A527","M0312","M0312","A527"
"A527","M0313","M0313","A527"
"A527","M0314","M0314","A527"
"A527","M0315","M0315","A527"
"A527","M0316","M0316","A527"
"A527","M0317","M0317","A527"
"A527","M0318","M0318","A527"
"A527","M0319","M0319","A527"
"A527","M148","M148","A527"
"A527","M493","M493","A527"
"A527","M4930","M4930","A527"
"A527","M4931","M4931","A527"
"A527","M4932","M4932","A527"
"A527","M4933","M4933","A527"
"A527","M4934","M4934","A527"
"A527","M4935","M4935","A527"
"A527","M4936","M4936","A527"
"A527","M4937","M4937","A527"
"A527","M4938","M4938","A527"
"A527","M4939","M4939","A527"
"A527","M630","M630","A527"
"A527","M638","M638","A527"
"A527","M680","M680","A527"
"A527","M6800","M6800","A527"
"A527","M6801","M6801","A527"
"A527","M6802","M6802","A527"
"A527","M6803","M6803","A527"
"A527","M6804","M6804","A527"
"A527","M6805","M6805","A527"
"A527","M6806","M6806","A527"
"A527","M6807","M6807","A527"
"A527","M6808","M6808","A527"
"A527","M6809","M6809","A527"
"A527","M731","M731","A527"
"A527","M7310","M7310","A527"
"A527","M7311","M7311","A527"
"A527","M7312","M7312","A527"
"A527","M7313","M7313","A527"
"A527","M7314","M7314","A527"
"A527","M7315","M7315","A527"
"A527","M7316","M7316","A527"
"A527","M7317","M7317","A527"
"A527","M7318","M7318","A527"
"A527","M7319","M7319","A527"
"A527","M901","M901","A527"
"A527","M9010","M9010","A527"
"A527","M9011","M9011","A527"
"A527","M9012","M9012","A527"
"A527","M9013","M9013","A527"
"A527","M9014","M9014","A527"
"A527","M9015","M9015","A527"
"A527","M9016","M9016","A527"
"A527","M9017","M9017","A527"
"A527","M9018","M9018","A527"
"A527","M9019","M9019","A527"
"A527","M902","M902","A527"
"A527","M9020","M9020","A527"
"A527","M9021","M9021","A527"
"A527","M9022","M9022","A527"
"A527","M9023","M9023","A527"
"A527","M9024","M9024","A527"
"A527","M9025","M9025","A527"
"A527","M9026","M9026","A527"
"A527","M9027","M9027","A527"
"A527","M9028","M9028","A527"
"A527","M9029","M9029","A527"
"A527","N080","N080","A527"
"A527","N160","N160","A527"
"A527","N290","N290","A527"
"A527","N291","N291","A527"
"A527","N338","N338","A527"
"A527","N370","N370","A527"
"A527","N378","N378","A527"
"A527","N510","N510","A527"
"A527","N511","N511","A527"
"A527","N518","N518","A527"
"A527","N742","N742","A527"
"A527","N771","N771","A527"
"A542","N080","N080","A542"
"A542","N291","N291","A542"
"A542","N743","N743","A542"
"A548","G01","G01","A548"
"A548","G07","G07","A548"
"A548","I320","I320","A548"
"A548","I390","I390","A548"
"A548","I391","I391","A548"
"A548","I392","I392","A548"
"A548","I393","I393","A548"
"A548","I394","I394","A548"
"A548","I398","I398","A548"
"A548","I410","I410","A548"
"A548","I520","I520","A548"
"A548","J170","J170","A548"
"A548","K671","K671","A548"
"A548","L86","L86","A548"
"A548","L998","L998","A548"
"A561","N744","N744","A561"
"A590","N338","N338","A590"
"A590","N370","N370","A590"
"A590","N748","N748","A590"
"A590","N771","N771","A590"
"A600","N748","N748","A600"
"A600","N770","N770","A600"
"A600","N771","N771","A600"
"A600","N778","N778","A600"
"A601","K938","K938","A601"
"A64","N370","N370","A64"
"A64","N771","N771","A64"
"A660","H031","H031","A660"
"A661","H031","H031","A661"
"A662","H031","H031","A662"
"A663","H031","H031","A663"
"A664","H031","H031","A664"
"A665","H031","H031","A665"
"A665","J998","J998","A665"
"A666","H031","H031","A666"
"A667","H031","H031","A667"
"A668","H031","H031","A668"
"A669","H031","H031","A669"
"A672","I981","I981","A672"
"A692","G01","G01","A692"
"A692","G630","G630","A692"
"A692","M012","M012","A692"
"A692","M0120","M0120","A692"
"A692","M0121","M0121","A692"
"A692","M0122","M0122","A692"
"A692","M0123","M0123","A692"
"A692","M0124","M0124","A692"
"A692","M0125","M0125","A692"
"A692","M0126","M0126","A692"
"A692","M0127","M0127","A692"
"A692","M0128","M0128","A692"
"A692","M0129","M0129","A692"
"A698","J178","J178","A698"
"A698","J998","J998","A698"
"A70","J178","J178","A70"
"A750","I410","I410","A750"
"A759","G948","G948","A759"
"A759","I410","I410","A759"
"A78","I398","I398","A78"
"A78","J178","J178","A78"
"B001","H621","H621","B001"
"B008","K770","K770","B008"
"B008","L998","L998","B008"
"B018","H192","H192","B018"
"B022","H940","H940","B022"
"B028","H621","H621","B028"
"B054","K938","K938","B054"
"B068","J171","J171","B068"
"B068","M014","M014","B068"
"B068","M0140","M0140","B068"
"B068","M0141","M0141","B068"
"B068","M0142","M0142","B068"
"B068","M0143","M0143","B068"
"B068","M0144","M0144","B068"
"B068","M0145","M0145","B068"
"B068","M0146","M0146","B068"
"B068","M0147","M0147","B068"
"B068","M0148","M0148","B068"
"B068","M0149","M0149","B068"
"B080","H031","H031","B080"
"B081","H031","H031","B081"
"B199","M032","M032","B199"
"B199","M0320","M0320","B199"
"B199","M0321","M0321","B199"
"B199","M0322","M0322","B199"
"B199","M0323","M0323","B199"
"B199","M0324","M0324","B199"
"B199","M0325","M0325","B199"
"B199","M0326","M0326","B199"
"B199","M0327","M0327","B199"
"B199","M0328","M0328","B199"
"B199","M0329","M0329","B199"
"B250","J171","J171","B250"
"B258","G051","G051","B258"
"B268","G630","G630","B268"
"B268","I411","I411","B268"
"B268","K770","K770","B268"
"B268","M015","M015","B268"
"B268","M0150","M0150","B268"
"B268","M0151","M0151","B268"
"B268","M0152","M0152","B268"
"B268","M0153","M0153","B268"
"B268","M0154","M0154","B268"
"B268","M0155","M0155","B268"
"B268","M0156","M0156","B268"
"B268","M0157","M0157","B268"
"B268","M0158","M0158","B268"
"B268","M0159","M0159","B268"
"B268","N080","N080","B268"
"B268","N748","N748","B268"
"B270","G020","G020","B270"
"B270","G630","G630","B270"
"B270","K770","K770","B270"
"B271","G020","G020","B271"
"B271","G630","G630","B271"
"B278","G020","G020","B278"
"B278","G630","G630","B278"
"B279","G020","G020","B279"
"B279","G630","G630","B279"
"B338","K770","K770","B338"
"B349","H621","H621","B349"
"B349","H671","H671","B349"
"B349","M015","M015","B349"
"B349","M0150","M0150","B349"
"B349","M0151","M0151","B349"
"B349","M0152","M0152","B349"
"B349","M0153","M0153","B349"
"B349","M0154","M0154","B349"
"B349","M0155","M0155","B349"
"B349","M0156","M0156","B349"
"B349","M0157","M0157","B349"
"B349","M0158","M0158","B349"
"B349","M0159","M0159","B349"
"B369","H622","H622","B369"
"B372","H622","H622","B372"
"B374","N370","N370","B374"
"B378","H622","H622","B378"
"B378","J998","J998","B378"
"B388","N510","N510","B388"
"B394","J172","J172","B394"
"B395","J172","J172","B395"
"B399","H320","H320","B399"
"B399","J172","J172","B399"
"B400","J998","J998","B400"
"B401","J998","J998","B401"
"B402","J998","J998","B402"
"B403","L998","L998","B403"
"B408","G052","G052","B408"
"B410","J998","J998","B410"
"B420","J998","J998","B420"
"B428","G021","G021","B428"
"B428","M016","M016","B428"
"B428","M0160","M0160","B428"
"B428","M0161","M0161","B428"
"B428","M0162","M0162","B428"
"B428","M0163","M0163","B428"
"B428","M0164","M0164","B428"
"B428","M0165","M0165","B428"
"B428","M0166","M0166","B428"
"B428","M0167","M0167","B428"
"B428","M0168","M0168","B428"
"B428","M0169","M0169","B428"
"B430","L998","L998","B430"
"B431","G07","G07","B431"
"B432","L998","L998","B432"
"B440","J172","J172","B440"
"B440","J998","J998","B440"
"B441","J172","J172","B441"
"B441","J998","J998","B441"
"B442","J998","J998","B442"
"B448","H622","H622","B448"
"B450","J998","J998","B450"
"B451","G021","G021","B451"
"B451","G052","G052","B451"
"B452","L998","L998","B452"
"B453","M902","M902","B453"
"B453","M9020","M9020","B453"
"B453","M9021","M9021","B453"
"B453","M9022","M9022","B453"
"B453","M9023","M9023","B453"
"B453","M9024","M9024","B453"
"B453","M9025","M9025","B453"
"B453","M9026","M9026","B453"
"B453","M9027","M9027","B453"
"B453","M9028","M9028","B453"
"B453","M9029","M9029","B453"
"B460","J998","J998","B460"
"B461","G998","G998","B461"
"B462","K938","K938","B462"
"B463","L998","L998","B463"
"B479","M902","M902","B479"
"B479","M9020","M9020","B479"
"B479","M9021","M9021","B479"
"B479","M9022","M9022","B479"
"B479","M9023","M9023","B479"
"B479","M9024","M9024","B479"
"B479","M9025","M9025","B479"
"B479","M9026","M9026","B479"
"B479","M9027","M9027","B479"
"B479","M9028","M9028","B479"
"B479","M9029","M9029","B479"
"B483","K938","K938","B483"
"B49","G021","G021","B49"
"B49","H192","H192","B49"
"B49","J998","J998","B49"
"B49","K938","K938","B49"
"B49","M016","M016","B49"
"B49","M0160","M0160","B49"
"B49","M0161","M0161","B49"
"B49","M0162","M0162","B49"
"B49","M0163","M0163","B49"
"B49","M0164","M0164","B49"
"B49","M0165","M0165","B49"
"B49","M0166","M0166","B49"
"B49","M0167","M0167","B49"
"B49","M0168","M0168","B49"
"B49","M0169","M0169","B49"
"B49","M632","M632","B49"
"B550","H030","H030","B550"
"B551","H030","H030","B551"
"B552","H030","H030","B552"
"B559","H030","H030","B559"
"B560","F028","F028","B560"
"B560","F0280","F0280","B560"
"B560","F0281","F0281","B560"
"B560","F0282","F0282","B560"
"B560","F0283","F0283","B560"
"B560","F0284","F0284","B560"
"B560","G028","G028","B560"
"B560","G052","G052","B560"
"B561","F028","F028","B561"
"B561","F0280","F0280","B561"
"B561","F0281","F0281","B561"
"B561","F0282","F0282","B561"
"B561","F0283","F0283","B561"
"B561","F0284","F0284","B561"
"B561","G028","G028","B561"
"B561","G052","G052","B561"
"B569","F028","F028","B569"
"B569","F0280","F0280","B569"
"B569","F0281","F0281","B569"
"B569","F0282","F0282","B569"
"B569","F0283","F0283","B569"
"B569","F0284","F0284","B569"
"B569","G028","G028","B569"
"B569","G052","G052","B569"
"B573","K931","K931","B573"
"B573","K938","K938","B573"
"B574","F028","F028","B574"
"B574","F0280","F0280","B574"
"B574","F0281","F0281","B574"
"B574","F0282","F0282","B574"
"B574","F0283","F0283","B574"
"B574","F0284","F0284","B574"
"B588","I412","I412","B588"
"B588","M631","M631","B588"
"B588","N160","N160","B588"
"B601","H131","H131","B601"
"B601","H192","H192","B601"
"B602","G052","G052","B602"
"B650","D77","D77","B650"
"B650","G07","G07","B650"
"B650","I521","I521","B650"
"B650","I982","I982","B650"
"B650","J173","J173","B650"
"B650","J998","J998","B650"
"B650","K770","K770","B650"
"B650","M631","M631","B650"
"B651","D77","D77","B651"
"B651","G07","G07","B651"
"B651","I521","I521","B651"
"B651","I982","I982","B651"
"B651","J173","J173","B651"
"B651","J998","J998","B651"
"B651","M631","M631","B651"
"B651","N080","N080","B651"
"B651","N220","N220","B651"
"B651","N291","N291","B651"
"B651","N338","N338","B651"
"B652","D77","D77","B652"
"B652","G07","G07","B652"
"B652","I521","I521","B652"
"B652","I982","I982","B652"
"B652","J173","J173","B652"
"B652","J998","J998","B652"
"B652","K770","K770","B652"
"B652","M631","M631","B652"
"B652","N080","N080","B652"
"B652","N220","N220","B652"
"B652","N291","N291","B652"
"B652","N338","N338","B652"
"B658","D77","D77","B658"
"B658","G07","G07","B658"
"B658","I521","I521","B658"
"B658","I982","I982","B658"
"B658","J173","J173","B658"
"B658","J998","J998","B658"
"B658","K770","K770","B658"
"B658","M631","M631","B658"
"B658","N080","N080","B658"
"B658","N220","N220","B658"
"B658","N291","N291","B658"
"B658","N338","N338","B658"
"B659","D77","D77","B659"
"B659","G07","G07","B659"
"B659","I521","I521","B659"
"B659","I982","I982","B659"
"B659","J173","J173","B659"
"B659","J998","J998","B659"
"B659","K770","K770","B659"
"B659","M631","M631","B659"
"B659","N080","N080","B659"
"B659","N220","N220","B659"
"B659","N291","N291","B659"
"B659","N338","N338","B659"
"B672","M902","M902","B672"
"B672","M9020","M9020","B672"
"B672","M9021","M9021","B672"
"B672","M9022","M9022","B672"
"B672","M9023","M9023","B672"
"B672","M9024","M9024","B672"
"B672","M9025","M9025","B672"
"B672","M9026","M9026","B672"
"B672","M9027","M9027","B672"
"B672","M9028","M9028","B672"
"B672","M9029","M9029","B672"
"B673","E350","E350","B673"
"B673","H061","H061","B673"
"B674","H061","H061","B674"
"B676","H061","H061","B676"
"B677","H061","H061","B677"
"B679","D77","D77","B679"
"B679","G948","G948","B679"
"B679","H061","H061","B679"
"B679","J998","J998","B679"
"B698","M631","M631","B698"
"B700","D638","D638","B700"
"B719","G052","G052","B719"
"B719","G948","G948","B719"
"B72","M018","M018","B72"
"B72","M0180","M0180","B72"
"B72","M0181","M0181","B72"
"B72","M0182","M0182","B72"
"B72","M0183","M0183","B72"
"B72","M0184","M0184","B72"
"B72","M0185","M0185","B72"
"B72","M0186","M0186","B72"
"B72","M0187","M0187","B72"
"B72","M0188","M0188","B72"
"B72","M0189","M0189","B72"
"B73","H030","H030","B73"
"B73","H428","H428","B73"
"B73","H451","H451","B73"
"B740","H130","H130","B740"
"B740","N518","N518","B740"
"B741","H130","H130","B741"
"B741","N518","N518","B741"
"B742","H130","H130","B742"
"B742","N518","N518","B742"
"B743","H030","H030","B743"
"B743","H130","H130","B743"
"B743","N518","N518","B743"
"B744","H130","H130","B744"
"B744","N518","N518","B744"
"B748","H130","H130","B748"
"B748","N518","N518","B748"
"B749","H130","H130","B749"
"B749","J91","J91","B749"
"B749","M018","M018","B749"
"B749","M0180","M0180","B749"
"B749","M0181","M0181","B749"
"B749","M0182","M0182","B749"
"B749","M0183","M0183","B749"
"B749","M0184","M0184","B749"
"B749","M0185","M0185","B749"
"B749","M0186","M0186","B749"
"B749","M0187","M0187","B749"
"B749","M0188","M0188","B749"
"B749","M0189","M0189","B749"
"B749","N518","N518","B749"
"B75","G052","G052","B75"
"B75","M631","M631","B75"
"B769","D638","D638","B769"
"B778","J173","J173","B778"
"B789","N080","N080","B789"
"B80","N771","N771","B80"
"B830","H451","H451","B830"
"B832","G052","G052","B832"
"B839","K678","K678","B839"
"B839","M018","M018","B839"
"B839","M0180","M0180","B839"
"B839","M0181","M0181","B839"
"B839","M0182","M0182","B839"
"B839","M0183","M0183","B839"
"B839","M0184","M0184","B839"
"B839","M0185","M0185","B839"
"B839","M0186","M0186","B839"
"B839","M0187","M0187","B839"
"B839","M0188","M0188","B839"
"B839","M0189","M0189","B839"
"B853","H030","H030","B853"
"B872","H061","H061","B872"
"B872","H588","H588","B872"
"B873","J998","J998","B873"
"B874","H948","H948","B874"
"B878","K938","K938","B878"
"B880","H030","H030","B880"
"B89","G028","G028","B89"
"B89","G052","G052","B89"
"B89","G531","G531","B89"
"B89","G630","G630","B89"
"B89","G734","G734","B89"
"B89","G940","G940","B89"
"B89","H030","H030","B89"
"B89","H061","H061","B89"
"B89","H131","H131","B89"
"B89","H192","H192","B89"
"B89","H220","H220","B89"
"B89","H623","H623","B89"
"B89","H750","H750","B89"
"B89","H940","H940","B89"
"B89","M018","M018","B89"
"B89","M0180","M0180","B89"
"B89","M0181","M0181","B89"
"B89","M0182","M0182","B89"
"B89","M0183","M0183","B89"
"B89","M0184","M0184","B89"
"B89","M0185","M0185","B89"
"B89","M0186","M0186","B89"
"B89","M0187","M0187","B89"
"B89","M0188","M0188","B89"
"B89","M0189","M0189","B89"
"B908","E351","E351","B908"
"B908","N291","N291","B908"
"B99","G052","G052","B99"
"B99","G531","G531","B99"
"B99","G630","G630","B99"
"B99","G734","G734","B99"
"B99","G940","G940","B99"
"B99","H131","H131","B99"
"B99","H192","H192","B99"
"B99","H220","H220","B99"
"B99","H623","H623","B99"
"B99","H750","H750","B99"
"B99","H940","H940","B99"
"B99","J178","J178","B99"
"B99","M018","M018","B99"
"B99","M0180","M0180","B99"
"B99","M0181","M0181","B99"
"B99","M0182","M0182","B99"
"B99","M0183","M0183","B99"
"B99","M0184","M0184","B99"
"B99","M0185","M0185","B99"
"B99","M0186","M0186","B99"
"B99","M0187","M0187","B99"
"B99","M0188","M0188","B99"
"B99","M0189","M0189","B99"
"B99","M032","M032","B99"
"B99","M0320","M0320","B99"
"B99","M0321","M0321","B99"
"B99","M0322","M0322","B99"
"B99","M0323","M0323","B99"
"B99","M0324","M0324","B99"
"B99","M0325","M0325","B99"
"B99","M0326","M0326","B99"
"B99","M0327","M0327","B99"
"B99","M0328","M0328","B99"
"B99","M0329","M0329","B99"
"D510","G320","G320","D510"
"D510","G634","G634","D510"
"D513","G320","G320","D513"
"D513","G634","G634","D513"
"D519","G320","G320","D519"
"D569","M363","M363","D569"
"D570","H368","H368","D570"
"D570","M140","M140","D570"
"D570","N082","N082","D570"
"D571","H368","H368","D571"
"D571","M140","M140","D571"
"D571","N082","N082","D571"
"D572","H368","H368","D572"
"D572","M140","M140","D572"
"D572","N082","N082","D572"
"D573","H368","H368","D573"
"D573","M140","M140","D573"
"D573","N082","N082","D573"
"D578","H368","H368","D578"
"D578","M140","M140","D578"
"D578","N082","N082","D578"
"D582","M363","M363","D582"
"D582","M904","M904","D582"
"D582","M9040","M9040","D582"
"D582","M9041","M9041","D582"
"D582","M9042","M9042","D582"
"D582","M9043","M9043","D582"
"D582","M9044","M9044","D582"
"D582","M9045","M9045","D582"
"D582","M9046","M9046","D582"
"D582","M9047","M9047","D582"
"D582","M9048","M9048","D582"
"D582","M9049","M9049","D582"
"D66","M362","M362","D66"
"D690","M364","M364","D690"
"D690","N082","N082","D690"
"D759","M363","M363","D759"
"D800","M368","M368","D800"
"D801","M148","M148","D801"
"D801","M368","M368","D801"
"D802","M368","M368","D802"
"D803","M368","M368","D803"
"D804","M368","M368","D804"
"D805","M368","M368","D805"
"D806","M368","M368","D806"
"D807","M368","M368","D807"
"D808","M368","M368","D808"
"D809","M368","M368","D809"
"D868","G532","G532","D868"
"D868","G638","G638","D868"
"D868","G737","G737","D868"
"D868","H221","H221","D868"
"D868","I418","I418","D868"
"D868","I438","I438","D868"
"D868","K778","K778","D868"
"D868","M148","M148","D868"
"D868","M633","M633","D868"
"D868","N162","N162","D868"
"D869","N162","N162","D869"
"D891","J998","J998","D891"
"D891","N082","N082","D891"
"D891","N162","N162","D891"
"E009","G735","G735","E009"
"E010","F028","F028","E010"
"E010","F0280","F0280","E010"
"E010","F0281","F0281","E010"
"E010","F0282","F0282","E010"
"E010","F0283","F0283","E010"
"E010","F0284","F0284","E010"
"E011","F028","F028","E011"
"E011","F0280","F0280","E011"
"E011","F0281","F0281","E011"
"E011","F0282","F0282","E011"
"E011","F0283","F0283","E011"
"E011","F0284","F0284","E011"
"E012","F028","F028","E012"
"E012","F0280","F0280","E012"
"E012","F0281","F0281","E012"
"E012","F0282","F0282","E012"
"E012","F0283","F0283","E012"
"E012","F0284","F0284","E012"
"E018","F028","F028","E018"
"E018","F0280","F0280","E018"
"E018","F0281","F0281","E018"
"E018","F0282","F0282","E018"
"E018","F0283","F0283","E018"
"E018","F0284","F0284","E018"
"E030","F028","F028","E030"
"E030","F0280","F0280","E030"
"E030","F0281","F0281","E030"
"E030","F0282","F0282","E030"
"E030","F0283","F0283","E030"
"E030","F0284","F0284","E030"
"E030","G132","G132","E030"
"E031","F028","F028","E031"
"E031","F0280","F0280","E031"
"E031","F0281","F0281","E031"
"E031","F0282","F0282","E031"
"E031","F0283","F0283","E031"
"E031","F0284","F0284","E031"
"E031","G132","G132","E031"
"E032","F028","F028","E032"
"E032","F0280","F0280","E032"
"E032","F0281","F0281","E032"
"E032","F0282","F0282","E032"
"E032","F0283","F0283","E032"
"E032","F0284","F0284","E032"
"E032","G132","G132","E032"
"E033","F028","F028","E033"
"E033","F0280","F0280","E033"
"E033","F0281","F0281","E033"
"E033","F0282","F0282","E033"
"E033","F0283","F0283","E033"
"E033","F0284","F0284","E033"
"E033","G132","G132","E033"
"E034","F028","F028","E034"
"E034","F0280","F0280","E034"
"E034","F0281","F0281","E034"
"E034","F0282","F0282","E034"
"E034","F0283","F0283","E034"
"E034","F0284","F0284","E034"
"E034","G132","G132","E034"
"E035","F028","F028","E035"
"E035","F0280","F0280","E035"
"E035","F0281","F0281","E035"
"E035","F0282","F0282","E035"
"E035","F0283","F0283","E035"
"E035","F0284","F0284","E035"
"E035","G132","G132","E035"
"E038","F028","F028","E038"
"E038","F0280","F0280","E038"
"E038","F0281","F0281","E038"
"E038","F0282","F0282","E038"
"E038","F0283","F0283","E038"
"E038","F0284","F0284","E038"
"E038","G132","G132","E038"
"E039","D638","D638","E039"
"E039","F028","F028","E039"
"E039","F0280","F0280","E039"
"E039","F0281","F0281","E039"
"E039","F0282","F0282","E039"
"E039","F0283","F0283","E039"
"E039","F0284","F0284","E039"
"E039","G132","G132","E039"
"E039","G328","G328","E039"
"E039","G735","G735","E039"
"E039","H281","H281","E039"
"E039","M145","M145","E039"
"E050","G730","G730","E050"
"E050","G735","G735","E050"
"E050","H062","H062","E050"
"E050","M145","M145","E050"
"E051","G730","G730","E051"
"E051","G735","G735","E051"
"E051","H062","H062","E051"
"E051","M145","M145","E051"
"E052","G730","G730","E052"
"E052","G735","G735","E052"
"E052","H062","H062","E052"
"E052","M145","M145","E052"
"E053","G730","G730","E053"
"E053","G735","G735","E053"
"E053","H062","H062","E053"
"E053","M145","M145","E053"
"E054","G730","G730","E054"
"E054","G735","G735","E054"
"E054","H062","H062","E054"
"E054","M145","M145","E054"
"E055","G730","G730","E055"
"E055","G735","G735","E055"
"E055","H062","H062","E055"
"E055","M145","M145","E055"
"E058","G730","G730","E058"
"E058","G735","G735","E058"
"E058","H062","H062","E058"
"E058","M145","M145","E058"
"E059","G730","G730","E059"
"E059","G735","G735","E059"
"E059","G990","G990","E059"
"E059","H038","H038","E059"
"E059","H062","H062","E059"
"E059","I438","I438","E059"
"E059","M145","M145","E059"
"E105","I792","I792","E105"
"E106","M142","M142","E106"
"E106","M146","M146","E106"
"E115","I792","I792","E115"
"E116","M142","M142","E116"
"E116","M146","M146","E116"
"E125","I792","I792","E125"
"E126","M142","M142","E126"
"E126","M146","M146","E126"
"E135","I792","I792","E135"
"E136","M142","M142","E136"
"E136","M146","M146","E136"
"E146","L998","L998","E146"
"E146","M142","M142","E146"
"E146","M146","M146","E146"
"E146","M908","M908","E146"
"E146","M9080","M9080","E146"
"E146","M9081","M9081","E146"
"E146","M9082","M9082","E146"
"E146","M9083","M9083","E146"
"E146","M9084","M9084","E146"
"E146","M9085","M9085","E146"
"E146","M9086","M9086","E146"
"E146","M9087","M9087","E146"
"E146","M9088","M9088","E146"
"E146","M9089","M9089","E146"
"E161","G948","G948","E161"
"E162","G633","G633","E162"
"E200","G735","G735","E200"
"E200","H281","H281","E200"
"E201","G735","G735","E201"
"E201","H281","H281","E201"
"E208","G735","G735","E208"
"E208","H281","H281","E208"
"E209","G735","G735","E209"
"E209","H281","H281","E209"
"E210","M498","M498","E210"
"E210","M4980","M4980","E210"
"E210","M4981","M4981","E210"
"E210","M4982","M4982","E210"
"E210","M4983","M4983","E210"
"E210","M4984","M4984","E210"
"E210","M4985","M4985","E210"
"E210","M4986","M4986","E210"
"E210","M4987","M4987","E210"
"E210","M4988","M4988","E210"
"E210","M4989","M4989","E210"
"E213","G735","G735","E213"
"E213","M141","M141","E213"
"E220","M145","M145","E220"
"E230","G735","G735","E230"
"E249","G735","G735","E249"
"E271","G735","G735","E271"
"E349","G633","G633","E349"
"E349","G730","G730","E349"
"E349","G735","G735","E349"
"E349","G990","G990","E349"
"E349","H281","H281","E349"
"E349","H420","H420","E349"
"E349","M145","M145","E349"
"E349","M821","M821","E349"
"E349","M8210","M8210","E349"
"E349","M8211","M8211","E349"
"E349","M8212","M8212","E349"
"E349","M8213","M8213","E349"
"E349","M8214","M8214","E349"
"E349","M8215","M8215","E349"
"E349","M8216","M8216","E349"
"E349","M8217","M8217","E349"
"E349","M8218","M8218","E349"
"E349","M8219","M8219","E349"
"E46","H281","H281","E46"
"E511","G328","G328","E511"
"E511","G634","G634","E511"
"E511","I432","I432","E511"
"E511","I988","I988","E511"
"E52","F028","F028","E52"
"E52","F0280","F0280","E52"
"E52","F0281","F0281","E52"
"E52","F0282","F0282","E52"
"E52","F0283","F0283","E52"
"E52","F0284","F0284","E52"
"E52","G328","G328","E52"
"E52","G634","G634","E52"
"E52","K938","K938","E52"
"E530","K938","K938","E530"
"E538","F028","F028","E538"
"E538","F0280","F0280","E538"
"E538","F0281","F0281","E538"
"E538","F0282","F0282","E538"
"E538","F0283","F0283","E538"
"E538","F0284","F0284","E538"
"E538","G320","G320","E538"
"E538","G328","G328","E538"
"E538","G634","G634","E538"
"E539","G328","G328","E539"
"E539","G634","G634","E539"
"E539","K938","K938","E539"
"E54","D77","D77","E54"
"E54","K938","K938","E54"
"E54","M145","M145","E54"
"E54","M908","M908","E54"
"E54","M9080","M9080","E54"
"E54","M9081","M9081","E54"
"E54","M9082","M9082","E54"
"E54","M9083","M9083","E54"
"E54","M9084","M9084","E54"
"E54","M9085","M9085","E54"
"E54","M9086","M9086","E54"
"E54","M9087","M9087","E54"
"E54","M9088","M9088","E54"
"E54","M9089","M9089","E54"
"E569","G328","G328","E569"
"E569","G634","G634","E569"
"E569","G998","G998","E569"
"E639","G634","G634","E639"
"E639","H281","H281","E639"
"E639","I432","I432","E639"
"E639","K938","K938","E639"
"E639","M145","M145","E639"
"E702","H038","H038","E702"
"E702","M145","M145","E702"
"E702","M368","M368","E702"
"E720","H420","H420","E720"
"E720","N163","N163","E720"
"E720","N298","N298","E720"
"E740","G736","G736","E740"
"E740","I431","I431","E740"
"E740","K778","K778","E740"
"E740","N163","N163","E740"
"E750","F028","F028","E750"
"E750","F0280","F0280","E750"
"E750","F0281","F0281","E750"
"E750","F0282","F0282","E750"
"E750","F0283","F0283","E750"
"E750","F0284","F0284","E750"
"E750","H368","H368","E750"
"E751","F028","F028","E751"
"E751","F0280","F0280","E751"
"E751","F0281","F0281","E751"
"E751","F0282","F0282","E751"
"E751","F0283","F0283","E751"
"E751","F0284","F0284","E751"
"E751","H368","H368","E751"
"E752","F028","F028","E752"
"E752","F0280","F0280","E752"
"E752","F0281","F0281","E752"
"E752","F0282","F0282","E752"
"E752","F0283","F0283","E752"
"E752","F0284","F0284","E752"
"E752","G328","G328","E752"
"E752","G736","G736","E752"
"E752","H368","H368","E752"
"E752","N084","N084","E752"
"E753","F028","F028","E753"
"E753","F0280","F0280","E753"
"E753","F0281","F0281","E753"
"E753","F0282","F0282","E753"
"E753","F0283","F0283","E753"
"E753","F0284","F0284","E753"
"E753","G328","G328","E753"
"E753","G736","G736","E753"
"E753","H368","H368","E753"
"E754","F028","F028","E754"
"E754","F0280","F0280","E754"
"E754","F0281","F0281","E754"
"E754","F0282","F0282","E754"
"E754","F0283","F0283","E754"
"E754","F0284","F0284","E754"
"E754","H368","H368","E754"
"E755","F028","F028","E755"
"E755","F0280","F0280","E755"
"E755","F0281","F0281","E755"
"E755","F0282","F0282","E755"
"E755","F0283","F0283","E755"
"E755","F0284","F0284","E755"
"E755","G736","G736","E755"
"E755","H368","H368","E755"
"E756","F028","F028","E756"
"E756","F0280","F0280","E756"
"E756","F0281","F0281","E756"
"E756","F0282","F0282","E756"
"E756","F0283","F0283","E756"
"E756","F0284","F0284","E756"
"E756","G328","G328","E756"
"E756","G736","G736","E756"
"E756","H368","H368","E756"
"E761","G328","G328","E761"
"E762","M498","M498","E762"
"E762","M4980","M4980","E762"
"E762","M4981","M4981","E762"
"E762","M4982","M4982","E762"
"E762","M4983","M4983","E762"
"E762","M4984","M4984","E762"
"E762","M4985","M4985","E762"
"E762","M4986","M4986","E762"
"E762","M4987","M4987","E762"
"E762","M4988","M4988","E762"
"E762","M4989","M4989","E762"
"E763","G328","G328","E763"
"E763","I528","I528","E763"
"E783","K778","K778","E783"
"E786","N084","N084","E786"
"E788","M143","M143","E788"
"E791","M140","M140","E791"
"E798","N228","N228","E798"
"E802","G633","G633","E802"
"E830","F028","F028","E830"
"E830","F0280","F0280","E830"
"E830","F0281","F0281","E830"
"E830","F0282","F0282","E830"
"E830","F0283","F0283","E830"
"E830","F0284","F0284","E830"
"E830","G998","G998","E830"
"E830","N163","N163","E830"
"E831","J998","J998","E831"
"E831","M145","M145","E831"
"E833","M908","M908","E833"
"E833","M9080","M9080","E833"
"E833","M9081","M9081","E833"
"E833","M9082","M9082","E833"
"E833","M9083","M9083","E833"
"E833","M9084","M9084","E833"
"E833","M9085","M9085","E833"
"E833","M9086","M9086","E833"
"E833","M9087","M9087","E833"
"E833","M9088","M9088","E833"
"E833","M9089","M9089","E833"
"E835","F028","F028","E835"
"E835","F0280","F0280","E835"
"E835","F0281","F0281","E835"
"E835","F0282","F0282","E835"
"E835","F0283","F0283","E835"
"E835","F0284","F0284","E835"
"E835","N298","N298","E835"
"E841","P75","P75","E841"
"E850","H420","H420","E850"
"E850","I431","I431","E850"
"E850","I680","I680","E850"
"E850","L990","L990","E850"
"E850","N084","N084","E850"
"E851","G633","G633","E851"
"E851","G990","G990","E851"
"E852","G990","G990","E852"
"E852","H420","H420","E852"
"E852","I431","I431","E852"
"E852","I680","I680","E852"
"E852","L990","L990","E852"
"E852","N084","N084","E852"
"E853","G990","G990","E853"
"E853","H420","H420","E853"
"E853","I431","I431","E853"
"E853","I680","I680","E853"
"E853","L990","L990","E853"
"E853","N084","N084","E853"
"E854","D77","D77","E854"
"E854","G328","G328","E854"
"E854","G633","G633","E854"
"E854","G736","G736","E854"
"E854","G990","G990","E854"
"E854","G998","G998","E854"
"E854","H420","H420","E854"
"E854","I431","I431","E854"
"E854","I680","I680","E854"
"E854","J998","J998","E854"
"E854","K778","K778","E854"
"E854","K938","K938","E854"
"E854","L990","L990","E854"
"E854","N084","N084","E854"
"E854","N298","N298","E854"
"E858","G990","G990","E858"
"E858","H420","H420","E858"
"E858","I431","I431","E858"
"E858","I680","I680","E858"
"E858","I798","I798","E858"
"E858","L990","L990","E858"
"E858","N084","N084","E858"
"E859","G990","G990","E859"
"E859","H420","H420","E859"
"E859","I431","I431","E859"
"E859","I680","I680","E859"
"E859","L990","L990","E859"
"E859","N084","N084","E859"
"E889","G633","G633","E889"
"E889","G736","G736","E889"
"E889","G990","G990","E889"
"E889","H281","H281","E889"
"E889","H420","H420","E889"
"E889","I431","I431","E889"
"E889","L998","L998","E889"
"E889","M141","M141","E889"
"E889","M145","M145","E889"
"G35","H481","H481","G35"
"G600","M494","M494","G600"
"G600","M4940","M4940","G600"
"G600","M4941","M4941","G600"
"G600","M4942","M4942","G600"
"G600","M4943","M4943","G600"
"G600","M4944","M4944","G600"
"G600","M4945","M4945","G600"
"G600","M4946","M4946","G600"
"G600","M4947","M4947","G600"
"G600","M4948","M4948","G600"
"G600","M4949","M4949","G600"
"G711","H282","H282","G711"
"G950","M494","M494","G950"
"G950","M4940","M4940","G950"
"G950","M4941","M4941","G950"
"G950","M4942","M4942","G950"
"G950","M4943","M4943","G950"
"G950","M4944","M4944","G950"
"G950","M4945","M4945","G950"
"G950","M4946","M4946","G950"
"G950","M4947","M4947","G950"
"G950","M4948","M4948","G950"
"G950","M4949","M4949","G950"
"G98","M146","M146","G98"
"H664","G058","G058","H664"
"I708","H368","H368","I708"
"J108","G051","G051","J108"
"J108","G948","G948","J108"
"J108","H671","H671","J108"
"J108","I411","I411","J108"
"J118","G051","G051","J118"
"J118","G948","G948","J118"
"J118","H671","H671","J118"
"J118","I411","I411","J118"
"J632","K778","K778","J632"
"J989","M148","M148","J989"
"K500","M074","M074","K500"
"K500","M0740","M0740","K500"
"K500","M0741","M0741","K500"
"K500","M0742","M0742","K500"
"K500","M0743","M0743","K500"
"K500","M0744","M0744","K500"
"K500","M0745","M0745","K500"
"K500","M0746","M0746","K500"
"K500","M0747","M0747","K500"
"K500","M0748","M0748","K500"
"K500","M0749","M0749","K500"
"K500","M091","M091","K500"
"K500","M0910","M0910","K500"
"K500","M0911","M0911","K500"
"K500","M0912","M0912","K500"
"K500","M0913","M0913","K500"
"K500","M0914","M0914","K500"
"K500","M0915","M0915","K500"
"K500","M0916","M0916","K500"
"K500","M0917","M0917","K500"
"K500","M0918","M0918","K500"
"K500","M0919","M0919","K500"
"K501","M074","M074","K501"
"K501","M0740","M0740","K501"
"K501","M0741","M0741","K501"
"K501","M0742","M0742","K501"
"K501","M0743","M0743","K501"
"K501","M0744","M0744","K501"
"K501","M0745","M0745","K501"
"K501","M0746","M0746","K501"
"K501","M0747","M0747","K501"
"K501","M0748","M0748","K501"
"K501","M0749","M0749","K501"
"K501","M091","M091","K501"
"K501","M0910","M0910","K501"
"K501","M0911","M0911","K501"
"K501","M0912","M0912","K501"
"K501","M0913","M0913","K501"
"K501","M0914","M0914","K501"
"K501","M0915","M0915","K501"
"K501","M0916","M0916","K501"
"K501","M0917","M0917","K501"
"K501","M0918","M0918","K501"
"K501","M0919","M0919","K501"
"K508","M074","M074","K508"
"K508","M0740","M0740","K508"
"K508","M0741","M0741","K508"
"K508","M0742","M0742","K508"
"K508","M0743","M0743","K508"
"K508","M0744","M0744","K508"
"K508","M0745","M0745","K508"
"K508","M0746","M0746","K508"
"K508","M0747","M0747","K508"
"K508","M0748","M0748","K508"
"K508","M0749","M0749","K508"
"K508","M091","M091","K508"
"K508","M0910","M0910","K508"
"K508","M0911","M0911","K508"
"K508","M0912","M0912","K508"
"K508","M0913","M0913","K508"
"K508","M0914","M0914","K508"
"K508","M0915","M0915","K508"
"K508","M0916","M0916","K508"
"K508","M0917","M0917","K508"
"K508","M0918","M0918","K508"
"K508","M0919","M0919","K508"
"K509","M074","M074","K509"
"K509","M0740","M0740","K509"
"K509","M0741","M0741","K509"
"K509","M0742","M0742","K509"
"K509","M0743","M0743","K509"
"K509","M0744","M0744","K509"
"K509","M0745","M0745","K509"
"K509","M0746","M0746","K509"
"K509","M0747","M0747","K509"
"K509","M0748","M0748","K509"
"K509","M0749","M0749","K509"
"K509","M091","M091","K509"
"K509","M0910","M0910","K509"
"K509","M0911","M0911","K509"
"K509","M0912","M0912","K509"
"K509","M0913","M0913","K509"
"K509","M0914","M0914","K509"
"K509","M0915","M0915","K509"
"K509","M0916","M0916","K509"
"K509","M0917","M0917","K509"
"K509","M0918","M0918","K509"
"K509","M0919","M0919","K509"
"K510","M075","M075","K510"
"K510","M0750","M0750","K510"
"K510","M0751","M0751","K510"
"K510","M0752","M0752","K510"
"K510","M0753","M0753","K510"
"K510","M0754","M0754","K510"
"K510","M0755","M0755","K510"
"K510","M0756","M0756","K510"
"K510","M0757","M0757","K510"
"K510","M0758","M0758","K510"
"K510","M0759","M0759","K510"
"K510","M092","M092","K510"
"K510","M0920","M0920","K510"
"K510","M0921","M0921","K510"
"K510","M0922","M0922","K510"
"K510","M0923","M0923","K510"
"K510","M0924","M0924","K510"
"K510","M0925","M0925","K510"
"K510","M0926","M0926","K510"
"K510","M0927","M0927","K510"
"K510","M0928","M0928","K510"
"K510","M0929","M0929","K510"
"K511","M075","M075","K511"
"K511","M0750","M0750","K511"
"K511","M0751","M0751","K511"
"K511","M0752","M0752","K511"
"K511","M0753","M0753","K511"
"K511","M0754","M0754","K511"
"K511","M0755","M0755","K511"
"K511","M0756","M0756","K511"
"K511","M0757","M0757","K511"
"K511","M0758","M0758","K511"
"K511","M0759","M0759","K511"
"K511","M092","M092","K511"
"K511","M0920","M0920","K511"
"K511","M0921","M0921","K511"
"K511","M0922","M0922","K511"
"K511","M0923","M0923","K511"
"K511","M0924","M0924","K511"
"K511","M0925","M0925","K511"
"K511","M0926","M0926","K511"
"K511","M0927","M0927","K511"
"K511","M0928","M0928","K511"
"K511","M0929","M0929","K511"
"K512","M075","M075","K512"
"K512","M0750","M0750","K512"
"K512","M0751","M0751","K512"
"K512","M0752","M0752","K512"
"K512","M0753","M0753","K512"
"K512","M0754","M0754","K512"
"K512","M0755","M0755","K512"
"K512","M0756","M0756","K512"
"K512","M0757","M0757","K512"
"K512","M0758","M0758","K512"
"K512","M0759","M0759","K512"
"K512","M092","M092","K512"
"K512","M0920","M0920","K512"
"K512","M0921","M0921","K512"
"K512","M0922","M0922","K512"
"K512","M0923","M0923","K512"
"K512","M0924","M0924","K512"
"K512","M0925","M0925","K512"
"K512","M0926","M0926","K512"
"K512","M0927","M0927","K512"
"K512","M0928","M0928","K512"
"K512","M0929","M0929","K512"
"K513","M075","M075","K513"
"K513","M0750","M0750","K513"
"K513","M0751","M0751","K513"
"K513","M0752","M0752","K513"
"K513","M0753","M0753","K513"
"K513","M0754","M0754","K513"
"K513","M0755","M0755","K513"
"K513","M0756","M0756","K513"
"K513","M0757","M0757","K513"
"K513","M0758","M0758","K513"
"K513","M0759","M0759","K513"
"K513","M092","M092","K513"
"K513","M0920","M0920","K513"
"K513","M0921","M0921","K513"
"K513","M0922","M0922","K513"
"K513","M0923","M0923","K513"
"K513","M0924","M0924","K513"
"K513","M0925","M0925","K513"
"K513","M0926","M0926","K513"
"K513","M0927","M0927","K513"
"K513","M0928","M0928","K513"
"K513","M0929","M0929","K513"
"K514","M075","M075","K514"
"K514","M0750","M0750","K514"
"K514","M0751","M0751","K514"
"K514","M0752","M0752","K514"
"K514","M0753","M0753","K514"
"K514","M0754","M0754","K514"
"K514","M0755","M0755","K514"
"K514","M0756","M0756","K514"
"K514","M0757","M0757","K514"
"K514","M0758","M0758","K514"
"K514","M0759","M0759","K514"
"K514","M092","M092","K514"
"K514","M0920","M0920","K514"
"K514","M0921","M0921","K514"
"K514","M0922","M0922","K514"
"K514","M0923","M0923","K514"
"K514","M0924","M0924","K514"
"K514","M0925","M0925","K514"
"K514","M0926","M0926","K514"
"K514","M0927","M0927","K514"
"K514","M0928","M0928","K514"
"K514","M0929","M0929","K514"
"K515","M075","M075","K515"
"K515","M0750","M0750","K515"
"K515","M0751","M0751","K515"
"K515","M0752","M0752","K515"
"K515","M0753","M0753","K515"
"K515","M0754","M0754","K515"
"K515","M0755","M0755","K515"
"K515","M0756","M0756","K515"
"K515","M0757","M0757","K515"
"K515","M0758","M0758","K515"
"K515","M0759","M0759","K515"
"K515","M092","M092","K515"
"K515","M0920","M0920","K515"
"K515","M0921","M0921","K515"
"K515","M0922","M0922","K515"
"K515","M0923","M0923","K515"
"K515","M0924","M0924","K515"
"K515","M0925","M0925","K515"
"K515","M0926","M0926","K515"
"K515","M0927","M0927","K515"
"K515","M0928","M0928","K515"
"K515","M0929","M0929","K515"
"K518","M075","M075","K518"
"K518","M0750","M0750","K518"
"K518","M0751","M0751","K518"
"K518","M0752","M0752","K518"
"K518","M0753","M0753","K518"
"K518","M0754","M0754","K518"
"K518","M0755","M0755","K518"
"K518","M0756","M0756","K518"
"K518","M0757","M0757","K518"
"K518","M0758","M0758","K518"
"K518","M0759","M0759","K518"
"K518","M092","M092","K518"
"K518","M0920","M0920","K518"
"K518","M0921","M0921","K518"
"K518","M0922","M0922","K518"
"K518","M0923","M0923","K518"
"K518","M0924","M0924","K518"
"K518","M0925","M0925","K518"
"K518","M0926","M0926","K518"
"K518","M0927","M0927","K518"
"K518","M0928","M0928","K518"
"K518","M0929","M0929","K518"
"K519","M075","M075","K519"
"K519","M0750","M0750","K519"
"K519","M0751","M0751","K519"
"K519","M0752","M0752","K519"
"K519","M0753","M0753","K519"
"K519","M0754","M0754","K519"
"K519","M0755","M0755","K519"
"K519","M0756","M0756","K519"
"K519","M0757","M0757","K519"
"K519","M0758","M0758","K519"
"K519","M0759","M0759","K519"
"K519","M092","M092","K519"
"K519","M0920","M0920","K519"
"K519","M0921","M0921","K519"
"K519","M0922","M0922","K519"
"K519","M0923","M0923","K519"
"K519","M0924","M0924","K519"
"K519","M0925","M0925","K519"
"K519","M0926","M0926","K519"
"K519","M0927","M0927","K519"
"K519","M0928","M0928","K519"
"K519","M0929","M0929","K519"
"K529","M076","M076","K529"
"K529","M0760","M0760","K529"
"K529","M0761","M0761","K529"
"K529","M0762","M0762","K529"
"K529","M0763","M0763","K529"
"K529","M0764","M0764","K529"
"K529","M0765","M0765","K529"
"K529","M0766","M0766","K529"
"K529","M0767","M0767","K529"
"K529","M0768","M0768","K529"
"K529","M0769","M0769","K529"
"K639","M036","M036","K639"
"K639","M0360","M0360","K639"
"K639","M0361","M0361","K639"
"K639","M0362","M0362","K639"
"K639","M0363","M0363","K639"
"K639","M0364","M0364","K639"
"K639","M0365","M0365","K639"
"K639","M0366","M0366","K639"
"K639","M0367","M0367","K639"
"K639","M0368","M0368","K639"
"K639","M0369","M0369","K639"
"K700","I982","I982","K700"
"K701","I982","I982","K701"
"K702","I982","I982","K702"
"K703","I982","I982","K703"
"K704","I982","I982","K704"
"K709","I982","I982","K709"
"K710","I982","I982","K710"
"K711","I982","I982","K711"
"K712","I982","I982","K712"
"K713","I982","I982","K713"
"K714","I982","I982","K714"
"K715","I982","I982","K715"
"K716","I982","I982","K716"
"K717","I982","I982","K717"
"K718","I982","I982","K718"
"K719","I982","I982","K719"
"K740","I982","I982","K740"
"K741","I982","I982","K741"
"K742","I982","I982","K742"
"K743","I982","I982","K743"
"K744","I982","I982","K744"
"K745","I982","I982","K745"
"K746","I982","I982","K746"
"K908","M148","M148","K908"
"L010","H038","H038","L010"
"L010","H624","H624","L010"
"L011","H624","H624","L011"
"L120","H133","H133","L120"
"L121","H133","H133","L121"
"L122","H133","H133","L122"
"L123","H133","H133","L123"
"L128","H133","H133","L128"
"L129","H133","H133","L129"
"L510","M148","M148","L510"
"L511","H138","H138","L511"
"L511","H228","H228","L511"
"L511","M148","M148","L511"
"L512","M148","M148","L512"
"L518","M148","M148","L518"
"L519","M148","M148","L519"
"L52","M148","M148","L52"
"L710","H132","H132","L710"
"L711","H132","H132","L711"
"L718","H132","H132","L718"
"L718","H193","H193","L718"
"L719","H132","H132","L719"
"M023","L86","L86","M023"
"M0230","L86","L86","M0230"
"M0231","L86","L86","M0231"
"M0232","L86","L86","M0232"
"M0233","L86","L86","M0233"
"M0234","L86","L86","M0234"
"M0235","L86","L86","M0235"
"M0236","L86","L86","M0236"
"M0237","L86","L86","M0237"
"M0238","L86","L86","M0238"
"M0239","L86","L86","M0239"
"M053","G636","G636","M053"
"M053","G737","G737","M053"
"M053","I328","I328","M053"
"M053","I390","I390","M053"
"M053","I391","I391","M053"
"M053","I392","I392","M053"
"M053","I393","I393","M053"
"M053","I394","I394","M053"
"M053","I398","I398","M053"
"M053","I418","I418","M053"
"M053","I528","I528","M053"
"M0530","G636","G636","M0530"
"M0530","G737","G737","M0530"
"M0530","I328","I328","M0530"
"M0530","I390","I390","M0530"
"M0530","I391","I391","M0530"
"M0530","I392","I392","M0530"
"M0530","I393","I393","M0530"
"M0530","I394","I394","M0530"
"M0530","I398","I398","M0530"
"M0530","I418","I418","M0530"
"M0530","I528","I528","M0530"
"M0531","G636","G636","M0531"
"M0531","G737","G737","M0531"
"M0531","I328","I328","M0531"
"M0531","I390","I390","M0531"
"M0531","I391","I391","M0531"
"M0531","I392","I392","M0531"
"M0531","I393","I393","M0531"
"M0531","I394","I394","M0531"
"M0531","I398","I398","M0531"
"M0531","I418","I418","M0531"
"M0531","I528","I528","M0531"
"M0532","G636","G636","M0532"
"M0532","G737","G737","M0532"
"M0532","I328","I328","M0532"
"M0532","I390","I390","M0532"
"M0532","I391","I391","M0532"
"M0532","I392","I392","M0532"
"M0532","I393","I393","M0532"
"M0532","I394","I394","M0532"
"M0532","I398","I398","M0532"
"M0532","I418","I418","M0532"
"M0532","I528","I528","M0532"
"M0533","G636","G636","M0533"
"M0533","G737","G737","M0533"
"M0533","I328","I328","M0533"
"M0533","I390","I390","M0533"
"M0533","I391","I391","M0533"
"M0533","I392","I392","M0533"
"M0533","I393","I393","M0533"
"M0533","I394","I394","M0533"
"M0533","I398","I398","M0533"
"M0533","I418","I418","M0533"
"M0533","I528","I528","M0533"
"M0534","G636","G636","M0534"
"M0534","G737","G737","M0534"
"M0534","I328","I328","M0534"
"M0534","I390","I390","M0534"
"M0534","I391","I391","M0534"
"M0534","I392","I392","M0534"
"M0534","I393","I393","M0534"
"M0534","I394","I394","M0534"
"M0534","I398","I398","M0534"
"M0534","I418","I418","M0534"
"M0534","I528","I528","M0534"
"M0535","G636","G636","M0535"
"M0535","G737","G737","M0535"
"M0535","I328","I328","M0535"
"M0535","I390","I390","M0535"
"M0535","I391","I391","M0535"
"M0535","I392","I392","M0535"
"M0535","I393","I393","M0535"
"M0535","I394","I394","M0535"
"M0535","I398","I398","M0535"
"M0535","I418","I418","M0535"
"M0535","I528","I528","M0535"
"M0536","G636","G636","M0536"
"M0536","G737","G737","M0536"
"M0536","I328","I328","M0536"
"M0536","I390","I390","M0536"
"M0536","I391","I391","M0536"
"M0536","I392","I392","M0536"
"M0536","I393","I393","M0536"
"M0536","I394","I394","M0536"
"M0536","I398","I398","M0536"
"M0536","I418","I418","M0536"
"M0536","I528","I528","M0536"
"M0537","G636","G636","M0537"
"M0537","G737","G737","M0537"
"M0537","I328","I328","M0537"
"M0537","I390","I390","M0537"
"M0537","I391","I391","M0537"
"M0537","I392","I392","M0537"
"M0537","I393","I393","M0537"
"M0537","I394","I394","M0537"
"M0537","I398","I398","M0537"
"M0537","I418","I418","M0537"
"M0537","I528","I528","M0537"
"M0538","G636","G636","M0538"
"M0538","G737","G737","M0538"
"M0538","I328","I328","M0538"
"M0538","I390","I390","M0538"
"M0538","I391","I391","M0538"
"M0538","I392","I392","M0538"
"M0538","I393","I393","M0538"
"M0538","I394","I394","M0538"
"M0538","I398","I398","M0538"
"M0538","I418","I418","M0538"
"M0538","I528","I528","M0538"
"M0539","G636","G636","M0539"
"M0539","G737","G737","M0539"
"M0539","I328","I328","M0539"
"M0539","I390","I390","M0539"
"M0539","I391","I391","M0539"
"M0539","I392","I392","M0539"
"M0539","I393","I393","M0539"
"M0539","I394","I394","M0539"
"M0539","I398","I398","M0539"
"M0539","I418","I418","M0539"
"M0539","I528","I528","M0539"
"M100","G636","G636","M100"
"M100","G991","G991","M100"
"M100","I438","I438","M100"
"M100","N228","N228","M100"
"M1000","G636","G636","M1000"
"M1000","G991","G991","M1000"
"M1000","I438","I438","M1000"
"M1000","N228","N228","M1000"
"M1001","G636","G636","M1001"
"M1001","G991","G991","M1001"
"M1001","I438","I438","M1001"
"M1001","N228","N228","M1001"
"M1002","G636","G636","M1002"
"M1002","G991","G991","M1002"
"M1002","I438","I438","M1002"
"M1002","N228","N228","M1002"
"M1003","G636","G636","M1003"
"M1003","G991","G991","M1003"
"M1003","I438","I438","M1003"
"M1003","N228","N228","M1003"
"M1004","G636","G636","M1004"
"M1004","G991","G991","M1004"
"M1004","I438","I438","M1004"
"M1004","N228","N228","M1004"
"M1005","G636","G636","M1005"
"M1005","G991","G991","M1005"
"M1005","I438","I438","M1005"
"M1005","N228","N228","M1005"
"M1006","G636","G636","M1006"
"M1006","G991","G991","M1006"
"M1006","I438","I438","M1006"
"M1006","N228","N228","M1006"
"M1007","G636","G636","M1007"
"M1007","G991","G991","M1007"
"M1007","I438","I438","M1007"
"M1007","N228","N228","M1007"
"M1008","G636","G636","M1008"
"M1008","G991","G991","M1008"
"M1008","I438","I438","M1008"
"M1008","N228","N228","M1008"
"M1009","G636","G636","M1009"
"M1009","G991","G991","M1009"
"M1009","I438","I438","M1009"
"M1009","N228","N228","M1009"
"M109","H221","H221","M109"
"M109","H628","H628","M109"
"M1090","H221","H221","M1090"
"M1090","H628","H628","M1090"
"M1091","H221","H221","M1091"
"M1091","H628","H628","M1091"
"M1092","H221","H221","M1092"
"M1092","H628","H628","M1092"
"M1093","H221","H221","M1093"
"M1093","H628","H628","M1093"
"M1094","H221","H221","M1094"
"M1094","H628","H628","M1094"
"M1095","H221","H221","M1095"
"M1095","H628","H628","M1095"
"M1096","H221","H221","M1096"
"M1096","H628","H628","M1096"
"M1097","H221","H221","M1097"
"M1097","H628","H628","M1097"
"M1098","H221","H221","M1098"
"M1098","H628","H628","M1098"
"M1099","H221","H221","M1099"
"M1099","H628","H628","M1099"
"M321","I682","I682","M321"
"M359","G635","G635","M359"
"M471","G992","G992","M471"
"M4710","G992","G992","M4710"
"M4711","G992","G992","M4711"
"M4712","G992","G992","M4712"
"M4713","G992","G992","M4713"
"M4714","G992","G992","M4714"
"M4715","G992","G992","M4715"
"M4716","G992","G992","M4716"
"M4717","G992","G992","M4717"
"M4718","G992","G992","M4718"
"M4719","G992","G992","M4719"
"M478","G992","G992","M478"
"M4780","G992","G992","M4780"
"M4781","G992","G992","M4781"
"M4782","G992","G992","M4782"
"M4783","G992","G992","M4783"
"M4784","G992","G992","M4784"
"M4785","G992","G992","M4785"
"M4786","G992","G992","M4786"
"M4787","G992","G992","M4787"
"M4788","G992","G992","M4788"
"M4789","G992","G992","M4789"
"M479","G992","G992","M479"
"M4790","G992","G992","M4790"
"M4791","G992","G992","M4791"
"M4792","G992","G992","M4792"
"M4793","G992","G992","M4793"
"M4794","G992","G992","M4794"
"M4795","G992","G992","M4795"
"M4796","G992","G992","M4796"
"M4797","G992","G992","M4797"
"M4798","G992","G992","M4798"
"M4799","G992","G992","M4799"
"M500","G992","G992","M500"
"M510","G992","G992","M510"
"M638","G735","G735","M638"
"M638","G736","G736","M638"
"N188","F028","F028","N188"
"N188","F0280","F0280","N188"
"N188","F0281","F0281","N188"
"N188","F0282","F0282","N188"
"N188","F0283","F0283","N188"
"N188","F0284","F0284","N188"
"N188","G638","G638","N188"
"N188","G998","G998","N188"
"N188","H328","H328","N188"
"N188","I688","I688","N188"
"N250","M908","M908","N250"
"N250","M9080","M9080","N250"
"N250","M9081","M9081","N250"
"N250","M9082","M9082","N250"
"N250","M9083","M9083","N250"
"N250","M9084","M9084","N250"
"N250","M9085","M9085","N250"
"N250","M9086","M9086","N250"
"N250","M9087","M9087","N250"
"N250","M9088","M9088","N250"
"N250","M9089","M9089","N250"
"Q900","H198","H198","Q900"
"Q901","H198","H198","Q901"
"Q902","H198","H198","Q902"
"Q909","H198","H198","Q909"
"T659","F028","F028","T659"
"T659","F0280","F0280","T659"
"T659","F0281","F0281","T659"
"T659","F0282","F0282","T659"
"T659","F0283","F0283","T659"
"T659","F0284","F0284","T659"
"T703","M148","M148","T703"
"T703","M903","M903","T703"
"T703","M9030","M9030","T703"
"T703","M9031","M9031","T703"
"T703","M9032","M9032","T703"
"T703","M9033","M9033","T703"
"T703","M9034","M9034","T703"
"T703","M9035","M9035","T703"
"T703","M9036","M9036","T703"
"T703","M9037","M9037","T703"
"T703","M9038","M9038","T703"
"T703","M9039","M9039","T703"
"T784","M364","M364","T784"
"T860","N165","N165","T860"
"T862","N165","N165","T862"
"T863","N165","N165","T863"
"T864","N165","N165","T864"
"T868","N165","N165","T868"
"T869","N165","N165","T869"
