"MDC","DC","DCCOL","DRGX","CNAME"
"00","0001","28","1","Liver transplant"
"00","0002","13","1","Heart and/or lung transplant"
"00","0004","53","1","Bone marrow transplant"
"01","0101","2","5","Craniotomy  for trauma"
"01","0102","2","5","Craniotomy  except for trauma"
"01","0103","3","5","Spinal procedures"
"01","0104","1","5","Ventricular shunt revision"
"01","0105","4","5","Extracranial vascular procedures"
"01","0106","6","5","Peripheral & cranial nerve & other NS proc"
"01","0107","5","5","Carpal tunnel release"
"01","0108","2","5","Intracranial vasc proc for PDx intracranial h'ge"
"01","0109","2","5","Intracranial vascular procedures"
"01","0110","2","5","Intracranial vascular w endovascular procedures"
"01","0112","2","5","Craniotomy (multiple) for trauma"
"01","0113","2","5","Craniotomy (multiple)"
"01","0114","2","5","Endovascular procedures"
"01","0115","2","5","Trach for NS disease w mech vent 96+ hr"
"01","0116","2","5","Trach for NS disease"
"01","0117","2","5","Plasmapheresis for neurologic disease"
"01","0150","61","5","Spinal disorders and injuries"
"01","0151","61","5","Cerebral palsy"
"01","0152","51","5","Nervous system neoplasms"
"01","0153","61","5","Degenerative  nervous system disorders"
"01","0154","61","5","Multiple sclerosis and cerebellar ataxia"
"01","0155","61","5","Specific cerebrovascular disorders exc TIA, not transferred"
"01","0156","61","5","TIA and precerebral occlusions"
"01","0157","61","5","Nonspecific cerebrovascular disorders"
"01","0158","61","5","Cranial and peripheral nerve disorders"
"01","0159","61","5","Nervous syst infection exc viral meningitis, not transferred"
"01","0160","61","5","Viral meningitis"
"01","0161","61","5","Nontraumatic stupor and coma"
"01","0162","61","5","Febrile convulsions"
"01","0163","61","5","Seizure disorders"
"01","0164","61","5","Headache"
"01","0165","61","5","Intracranial injury"
"01","0166","61","5","Skull fractures"
"01","0167","61","5","Other head injury"
"01","0168","61","5","Other disorders of nervous system"
"01","0169","61","5","Guillain-Barre syndrome"
"01","0170","51","5","Nervous system neoplasms with chemo- and radiotherpy"
"01","0171","51","5","Nervous system neoplasms with chemotherpy"
"01","0172","51","5","Nervous system neoplasms with radiotherpy"
"01","0173","51","5","Nervous system neoplasms with diag proc"
"01","0174","51","5","NS neoplasms with blood transfusion"
"01","0175","61","5","Specific cerebrovascular disorders exc TIA, transferred"
"01","0176","61","5","Nervous syst infection exc viral meningitis, transferred"
"02","0201","8","5","Retinal procedures"
"02","0202","8","5","Enucleation and orbital procedures"
"02","0203","8","5","Proc for major eye injury"
"02","0205","8","5","Intraocular proc except lens & retina"
"02","0206","7","5","Major lens procedures"
"02","0207","7","5","Other lens procedures"
"02","0208","8","5","Other eye  procedures"
"02","0209","8","5","Keratoplasty"
"02","0210","8","5","Enucleation and orbital proc for eye malignancy"
"02","0211","7","5","Multiple major lens procedures"
"02","0212","7","5","Multiple other lens procedures"
"02","0213","8","5","Major proc for lacrimal system"
"02","0214","59","5","Trach for eye diseases w mech vent 96+ hr"
"02","0215","59","5","Trach for eye diseases"
"02","0250","85","5","Hyphema and medically managed trauma"
"02","0251","85","5","Acute and major eye infections age > 54"
"02","0252","85","5","Acute and major eye infections age < 55"
"02","0253","85","5","Neurological and vasc disor of the eye"
"02","0254","85","5","Other disorders of the eye"
"02","0255","51","5","Malignant neoplasm of the eye"
"03","0301","10","5","Major head and neck proc"
"03","0302","10","5","Surgical repair for cleft lip or palate"
"03","0303","10","5","Maxillo surgery"
"03","0304","10","5","Salivary procedures"
"03","0305","10","5","Minor nose & sinus procedures"
"03","0306","9","5","Mouth procedures"
"03","0307","10","5","Misc ear, nose, mouth & throat proc"
"03","0308","10","5","Rhinoplasty w or wo turbinectomy"
"03","0309","10","5","Tonsillectomy & adenoidectomy"
"03","0310","10","5","Other ear, nose, mouth & throat procedures"
"03","0311","10","5","Myringotomy with tube insertion"
"03","0312","86","5","Dental extractions and restorations"
"03","0313","10","5","Pharyngeal and laryngeal procedures"
"03","0314","10","5","Minor head and neck procedures"
"03","0315","10","5","Mastoidectomy & inner ear procedures"
"03","0316","10","5","Major sinus procedures"
"03","0317","10","5","Tympanoplasty and other ear procedures"
"03","0318","10","5","Trach for ENT diseases w mech vent 96+ hr"
"03","0319","10","5","Trach for ENT diseases"
"03","0320","10","5","Laryngectomy"
"03","0321","10","5","Major head and neck proc w reconstruction"
"03","0322","10","5","Trach w other proc for upper airway obstruction"
"03","0323","10","5","Trach for upper airway obstruction"
"03","0350","51","5","Ear, nose, mouth and throat malignancy"
"03","0351","86","5","Dysequilibrium"
"03","0352","86","5","Epistaxis"
"03","0353","86","5","Otitis media and URI"
"03","0354","86","5","Epiglottitis and cellulitis of face & neck"
"03","0355","86","5","Nasal trauma and deformity"
"03","0356","86","5","Other ear, nose, mouth and throat diagnoses"
"03","0357","86","5","Dental & oral disorders"
"03","0358","51","5","ENT & mouth malignancy with chemo- and radiother"
"03","0359","51","5","ENT & mouth malignancy with chemotherapy"
"03","0360","51","5","ENT & mouth malignancy with radiotherapy"
"03","0361","51","5","ENT & mouth malignancy with diagnostic proc"
"03","0362","51","5","ENT & mouth malignancy with blood transfusion"
"04","0401","11","5","Major chest procedures"
"04","0402","11","5","Other resp system procedures"
"04","0403","67","5","Ventilator support"
"04","0405","67","5","Trach for resp diseases w mech vent 96+ hr"
"04","0406","67","5","Trach for resp diseases"
"04","0407","67","5","Noninvasive ventilation"
"04","0408","11","5","Other minor resp system procedures"
"04","0450","87","5","Cystic fibrosis"
"04","0451","62","5","Pulmonary embolism"
"04","0452","63","5","Respiratory infection/inflammation"
"04","0453","61","5","Sleep apnea"
"04","0454","66","5","Pulmonary edema and respiratory failure, not transferred"
"04","0455","67","5","Chronic obstructive pulmonary disease"
"04","0456","64","5","Major chest trauma"
"04","0457","65","5","Respiratory signs and symptoms"
"04","0458","67","5","Pneumothorax"
"04","0459","67","5","Bronchitis and asthma"
"04","0460","67","5","Whooping cough and acute bronchiolitis"
"04","0461","51","5","Respiratory neoplasms"
"04","0462","65","5","Pleural effusion, not transferred"
"04","0463","67","5","Interstitial lung disease"
"04","0464","65","5","Other respiratory system diagnoses"
"04","0465","51","5","Respiratory neoplasms with chemo- and radiother"
"04","0466","51","5","Respiratory neoplasms with chemotherapy"
"04","0467","51","5","Respiratory neoplasms with radiotherapy"
"04","0468","51","5","Respiratory neoplasms with diag proc"
"04","0469","51","5","Respiratory neoplasms with blood transfusion"
"04","0470","65","5","Pyothorax"
"04","0471","66","5","Pulmonary edema and respiratory failure, transferred"
"04","0472","66","5","Pleural effusion, transferred"
"05","0501","14","5","Valve replacement and open valvuloplasty w cath"
"05","0502","14","5","Valve replacement and open valvuloplasty"
"05","0503","14","5","Coronary bypass with PTCA"
"05","0504","14","5","Coronary bypass with cath"
"05","0505","14","5","Coronary bypass"
"05","0506","14","5","Other cardiothoracic proc"
"05","0507","14","5","Thoracoabdominal proc combination"
"05","0508","14","5","Major cardiovascular proc"
"05","0509","17","5","Major amputation"
"05","0510","14","5","Perm pacemaker proc comb for AMI, HF, Shock"
"05","0511","14","5","Perm pacemaker proc comb"
"05","0512","14","5","Automat cardioverter proc"
"05","0513","14","5","Simple cardiothoracic proc"
"05","0514","14","5","Cardiac electrophysiologic proc"
"05","0515","14","5","Other vascular proc"
"05","0516","17","5","Minor amputation"
"05","0517","14","5","Pacemaker revision exc device repl"
"05","0518","14","5","Pacemaker device replacement"
"05","0519","19","5","Vein ligation and stripping"
"05","0520","14","5","Other circ system OR proc"
"05","0521","68","5","Cardiac cath/angiography for complex Dx"
"05","0522","68","5","Cardiac cath/angiography"
"05","0523","14","5","Percut cardiovas proc w stent insertion"
"05","0524","14","5","Percut cardiovas proc"
"05","0525","14","5","Acute MI w CAB or VSD repair w PTCA"
"05","0526","14","5","Acute MI w CAB or VSD repair wo PTCA"
"05","0527","14","5","Acute MI w multiple vessel PTCA w stent"
"05","0528","14","5","Acute MI w multiple vessel PTCA wo stent"
"05","0529","14","5","Acute MI w single vessel PTCA w stent"
"05","0530","14","5","Acute MI w single vessel PTCA wo stent"
"05","0531","14","5","Peripheral stent insertion"
"05","0532","14","5","Multiple cardiac valve proc with cardiac cath"
"05","0533","14","5","Multiple cardiac valve procedures"
"05","0534","14","5","Trach for CVS diseases w mech vent 96+ hr"
"05","0535","14","5","Trach for CVS diseases"
"05","0536","17","5","Multiple wound debridement"
"05","0537","14","5","Complex cardiothoracic procedures"
"05","0550","88","5","Acute MI w major comp w thrombol inj"
"05","0551","88","5","Acute MI w thrombol inj"
"05","0552","88","5","Acute MI w major comp, not transferred"
"05","0553","88","5","Acute MI, not transferred"
"05","0554","88","5","Infective endocarditis"
"05","0555","69","5","Heart failure and shock"
"05","0556","70","5","Venous thrombosis"
"05","0557","71","5","Skin ulcers for circulatory disorders"
"05","0558","71","5","Peripheral vascular disorders, not transferred"
"05","0559","72","5","Coronary atherosclerosis"
"05","0560","88","5","Hypertension"
"05","0561","88","5","Congenital heart disease"
"05","0562","88","5","Valvular disorders"
"05","0563","88","5","Major arrhythmia and cardiac arrest"
"05","0564","88","5","Non-major arrhythmia and conduction dis"
"05","0565","88","5","Unstable angina"
"05","0566","88","5","Syncope and collapse"
"05","0567","72","5","Chest pain"
"05","0568","69","5","Other circulatory system diagnoses"
"05","0569","88","5","Acute MI, transferred"
"05","0570","71","5","Peripheral vascular disorders, transferred"
"06","0601","25","5","Stomach, esophagus & duodenal proc for malig"
"06","0602","25","5","Stomach, esophagus & duodenal procedures"
"06","0603","22","5","Major small & large bowel procedures"
"06","0604","21","5","Rectal resection"
"06","0605","23","5","Peritoneal adhesiolysis"
"06","0607","26","5","Appendectomy"
"06","0608","24","5","Minor small & large bowel procedures"
"06","0609","24","5","Anal & stomal procedures"
"06","0610","26","5","Inguinal & femoral hernia procedures age > 14"
"06","0611","26","5","Hernia proc, exc ing & femoral age > 14"
"06","0612","26","5","Hernia procedures age < 15"
"06","0613","27","5","Other digestive system OR proc for malig"
"06","0614","27","5","Other digestive system OR procedures"
"06","0615","25","5","Pyloromyotomy procedures"
"06","0616","73","5","Complex therapeutic gastro for maj dig dis"
"06","0617","73","5","Compl thera gastrosc for non-major dig dis"
"06","0619","73","5","Other gastroscopy for major dig dis, not same day"
"06","0620","73","1","Other gastroscopy for major dig dis, same day"
"06","0621","73","5","Other gastroscopy for non-major dig dis, not same day"
"06","0622","73","1","Other gastroscopy for non-major dig dis, same day"
"06","0623","73","5","Complex therapeutic colonoscopy"
"06","0624","73","5","Other colonoscopy, not same day"
"06","0625","73","1","Other colonoscopy, same day"
"06","0626","73","1","Dilation of intestine"
"06","0627","25","5","Lap stomach, esophagus & duodenal proc"
"06","0628","23","5","Lap peritoneal adhesiolysis"
"06","0629","26","5","Laparoscopic appendectomy"
"06","0630","25","5","Stomach, esophagus & duodenal resect for malig"
"06","0631","25","5","Stomach, esophagus & duodenal resection"
"06","0632","26","5","Appendectomy for complicate Dx"
"06","0633","59","5","Trach for digestive system diseases w mech vent 96+ hr"
"06","0634","59","5","Trach for digestive system diseases"
"06","0650","51","5","Digestive malignancy, not transferred"
"06","0651","73","5","G.I. hemorrhage, age > 64"
"06","0652","73","5","G.I. hemorrhage, age < 65"
"06","0653","73","5","Complicated peptic ulcer"
"06","0654","73","5","Uncomplicated peptic ulcer"
"06","0655","73","5","Inflammatory bowel disease"
"06","0656","73","5","G.I. obstruction, not transferred"
"06","0657","73","5","Gastroenteritis age > 9"
"06","0658","73","5","Gastroenteritis age < 10"
"06","0660","73","5","Other digestive system diagnoses, not transferred"
"06","0661","73","5","Abdominal pain or mesenteric adenitis"
"06","0662","73","5","Intestinal helminthiases age > 9"
"06","0663","73","5","Intestinal helminthiases age < 10"
"06","0664","73","5","Oesophagitis, gastritis and dyspepsia age > 9"
"06","0665","73","5","Oesophagitis, gastritis and dyspepsia age < 10"
"06","0666","73","5","Miscellneous digestive disorders age > 9"
"06","0667","73","5","Miscellneous digestive disorders age < 10"
"06","0668","51","5","Digest malignancy w chemo- and radiotherapy"
"06","0669","51","5","Digest malignancy w chemotherapy"
"06","0670","51","5","Digest malignancy w radiotherapy"
"06","0671","51","5","Digest malignancy w diag proc"
"06","0672","51","5","Digest malignancy w blood transfusion"
"06","0673","73","5","Digestive malignancy, transferred"
"06","0674","73","5","G.I. obstruction, transferred"
"06","0675","73","5","Other digestive system diagnoses, transferred"
"07","0701","28","5","Pancreas, liver & shunt proc"
"07","0702","29","5","Biliary tract procedures for malignancy"
"07","0703","29","5","Biliary tract procedures"
"07","0704","31","5","Open cholecystectomy w closed CDE"
"07","0705","31","5","Open cholecystectomy"
"07","0706","30","5","Hepatobiliary diagnostic proc"
"07","0707","30","5","Oth hepatobil and pancreas OR procedures"
"07","0708","30","5","ERCP with therapeutic procedures"
"07","0709","31","5","Laparoscopic cholecystectomy w closed CDE"
"07","0710","31","5","Laparoscopic cholecystectomy"
"07","0711","28","5","Pancreas and liver procedures except resection"
"07","0712","59","5","Trach for hepatobiliary diseases w mech vent 96+ hr"
"07","0713","59","5","Trach for hepatobiliary diseases"
"07","0750","74","5","Cirrhosis & alcoholic hepatitis"
"07","0751","89","5","Malig of hepatobil syst/pancreas, not transferred"
"07","0753","89","5","Disorders of pancreas, except malignancy"
"07","0754","89","5","Dis of liver, except malignancy, cirrhosis, alc hepatitis"
"07","0755","89","5","Disorder of biliary tract"
"07","0756","51","5","Hepatobil mal with chemo- and radiotherapy"
"07","0757","51","5","Hepatobiliary malignancy with chemotherapy"
"07","0758","51","5","Hepatobiliary malignancy with radiotherapy"
"07","0759","51","5","Hepatobiliary malignancy with diagnostic procedures"
"07","0760","51","5","Hepatobiliary malignancy with blood transfusion"
"07","0761","51","5","Malig of hepatobil syst/pancreas, transferred"
"08","0801","34","5","Bilateral or multiple major joint proc of lower ext"
"08","0802","32","5","Total hip replacement"
"08","0803","32","5","Knee replacement"
"08","0804","32","5","Oth maj jt repl & limb reattach of low/up ext"
"08","0805","35","5","Spinal fusion"
"08","0806","35","5","Back & neck procedures except spinal fusion"
"08","0807","34","5","Amputation for MS & CT disorders"
"08","0808","36","5","Biopsies for MS & CT disorders"
"08","0809","34","5","Skin graft except hand for MS&CT"
"08","0810","33","5","Hip & femur proc exc replacement age >17"
"08","0811","33","5","Hip & femur proc exc replacement age 0-17"
"08","0812","34","5","Knee procedures except replacement"
"08","0813","34","5","Shoulder, elbow & forearm proc exc replacement"
"08","0814","34","5","Humerus, tibia,fib & ankle proc exc repl age >17"
"08","0815","34","5","Humerus, tibia,fib & ankle proc ex repl age 0-17"
"08","0816","34","5","Wrist & hand procedures except replacement"
"08","0817","34","5","Foot procedures"
"08","0818","34","5","Loc exc & remov of int fix dev of hip & femur"
"08","0819","34","5","Loc exc & remov of int fix dev exc hip & femur"
"08","0820","36","5","Soft tissue procedures"
"08","0821","36","5","Arthroscopy"
"08","0822","36","5","Other MS & CT OR procedures"
"08","0823","32","5","Partial hip replacement"
"08","0824","32","5","Total hip revision"
"08","0825","32","5","Total knee revision"
"08","0826","32","5","Partial knee revision"
"08","0827","32","5","Partial hip revision"
"08","0828","34","5","Mult (2-4) wound debride w skin graft exc hand for MS&CT"
"08","0829","34","5","Wound debride w skin graft except hand for MS&CT"
"08","0830","34","5","Multiple (2-4) wound debridement for MS&CT"
"08","0831","34","5","Wound debridement for MS&CT"
"08","0832","34","5","Reattachment of finger"
"08","0833","59","5","Trach for MS and CT diseases w mech vent 96+ hr"
"08","0834","59","5","Trach for MS and CT diseases"
"08","0835","77","5","Plasmapheresis for MS and CT dis"
"08","0836","34","5","Multiple (>4) wound debridement for MS&CT"
"08","0850","75","5","Fracture of femur"
"08","0851","76","5","Fracture of hip and pelvis"
"08","0852","77","5","Sprain, stain & dislocation of hip, pelvis & thigh"
"08","0853","77","5","Osteomyelitis"
"08","0854","51","5","Pathological fracture and malignancy"
"08","0855","77","5","Connective tissue disorders"
"08","0856","77","5","Septic arthritis"
"08","0857","78","5","Medical back problems"
"08","0858","77","5","Bone disease and specific arthropathies"
"08","0859","77","5","Nonspecific arthropathies"
"08","0860","77","5","Signs and symptoms of MS system & CT"
"08","0861","77","5","Tendonitis, myositis and bursitis"
"08","0862","77","5","Aftercare, MS system & CT"
"08","0863","90","5","Fx, spr, str & disl of f arm,hand & foot age >17"
"08","0864","90","5","Fx, spr, str & disl of f arm,hand & foot age 0-17"
"08","0865","90","5","Fx, spr, str & disl of up arm& low leg age >17"
"08","0866","90","5","Fx, spr, str & disl of up arm& low leg age 0-17"
"08","0867","90","5","other MS system and CT diagnoses"
"08","0868","51","5","Pathol fracture and malignancy w chemo- and radiother"
"08","0869","51","5","Pathol fracture and malignancy w chemotherapy"
"08","0870","51","5","Pathol fracture and malignancy w radiotherapy"
"08","0871","51","5","Pathol fracture and malignancy w diagnostic proc"
"08","0872","51","5","Pathol fracture and malignancy w blood transfusion"
"08","0873","77","5","Major connective tissue Dx"
"09","0901","37","5","Total mastectomy for malignancy"
"09","0902","37","5","Subtotal mastectomy for malignancy"
"09","0903","37","5","Breast proc for non-malig exc biopsy and local excis"
"09","0904","37","5","Breast biopsy and local excision"
"09","0905","38","5","Skin graft and debrid for ulcer or cellulitis"
"09","0906","38","5","Skin graft and debridment"
"09","0907","37","5","Perianal and pilonidal procedures"
"09","0908","37","5","Skin, subcut tissue and breast plastic proc"
"09","0909","37","5","Other skin, subcut tissue and breast proc"
"09","0910","38","5","Skin graft and mult debride for ulcer or cellulitis"
"09","0911","37","5","Pedicle graft plastic procedures"
"09","0912","59","5","Trach for skin and breast diseases w mech vent 96+ hr"
"09","0913","59","5","Trach for skin and breast diseases"
"09","0914","37","5","Total mastectomy  w reconstruction"
"09","0915","38","5","Skin graft and/or multiple debridment"
"09","0950","91","5","Skin ulcers"
"09","0951","91","5","Severe skin disorders"
"09","0952","91","5","Moderate skin disorders"
"09","0953","91","5","Minor skin disorders"
"09","0954","51","5","Malignant breast disorders"
"09","0955","91","5","Non-malignant breast disorders"
"09","0956","71","5","Cellulitis Age > 17"
"09","0957","71","5","Cellulitis Age 0-17"
"09","0958","91","5","Trauma to skin, subcut tissue & breast  age >17"
"09","0959","91","5","Trauma to skin, subcut tissue & breast  age 0-17"
"09","0960","51","5","Malignant breast dis w chemo- and radiotherapy"
"09","0961","51","5","Malignant breast dis w chemotherapy"
"09","0962","51","5","Malignant breast dis w radiotherapy"
"09","0963","51","5","Malignant breast dis w diag proc"
"09","0964","51","5","Malignant breast dis w blood transfusion"
"10","1001","40","5","Pituitary procedures"
"10","1002","40","5","Adrenal procedures"
"10","1003","39","5","Amput of lower limb for endoc, nut & met dis/Elderly"
"10","1004","39","5","Amput of lower limb for endoc, nut & met dis/Adult"
"10","1005","41","5","OR procedures for obesity"
"10","1006","39","5","Skin grafts & wound debrid for endoc, nut & met dis"
"10","1007","42","5","Parathyroid procedures"
"10","1008","42","5","Thyroid procedures"
"10","1009","42","5","Thyroglossal procedures"
"10","1010","42","5","Other endocrine, nut & met OR procedures"
"10","1011","59","5","Trach for endocrine, nut & met dis w mech vent 96+ hr"
"10","1012","59","5","Trach for endocrine, nut & met diseases"
"10","1050","71","5","Diabetes with complicated PDx"
"10","1051","92","5","Severe metabolic disorder in adult"
"10","1052","92","5","Severe metabolic disorder in child"
"10","1053","92","5","Nutrition and miscelaneous metabolic disorders"
"10","1054","92","5","Inborn errors of metabolism"
"10","1055","92","5","Endocrine disorders"
"10","1056","71","5","Diabetes without complicated PDx"
"10","1057","71","5","Diabetes with complicated PDx w hemodialysis"
"11","1101","45","5","Kidney transplant"
"11","1102","45","5","Operative insertion peritoneal cath for dialysis"
"11","1103","45","5","Kidney, ureter and maj bladder proc for neop"
"11","1104","45","5","Kidney, ureter and maj bladder procedures"
"11","1105","44","5","Transurethral prostatectomy"
"11","1106","45","5","Minor bladder procedures"
"11","1107","44","5","Transurethral proc, exc prostatectomy"
"11","1108","44","5","Urethral procedures"
"11","1109","45","5","Other kidney & urinary tract OR proc"
"11","1110","87","5","Ureteroscopy"
"11","1111","87","5","Cystourethroscopy"
"11","1112","87","5","ESWL for urinary stone"
"11","1113","59","5","Trach for KUB diseases w mech vent 96+ hr"
"11","1114","59","5","Trach for KUB diseases"
"11","1115","87","5","Plasmapheresis for kidney and urinary tract dis"
"11","1116","87","5","ESWL with uroendoscopy"
"11","1150","87","5","Chronic renal failure, age > 17"
"11","1151","87","5","Chronic renal failure, age < 18"
"11","1152","87","5","Admit for renal dialysis"
"11","1153","51","5","Kidney and urinary tract neoplasm"
"11","1154","87","5","Kidney and urinary tract infection"
"11","1155","87","5","Urinary stone"
"11","1156","87","5","Kidney and urinary tract signs & symptoms"
"11","1157","87","5","Urethral stricture"
"11","1158","87","5","Other kidney and urinary tract diagnoses"
"11","1159","87","5","Acute renal failure age > 17, not transferred"
"11","1160","87","5","Acute renal failure age < 18"
"11","1161","51","5","KUB malignancy with chemo- and radiotherapy"
"11","1162","51","5","KUB malignancy with chemotherapy"
"11","1163","51","5","KUB malignancy with radiotherapy"
"11","1164","51","5","KUB malignancy with diag proc"
"11","1165","51","5","KUB malignancy with blood transfusion"
"11","1166","87","5","Major kidney diagnoses"
"11","1167","87","5","Acute renal failure age > 17, transferred"
"12","1201","46","5","Major male pelvic procedures"
"12","1202","44","5","Transurethral prostatectomy"
"12","1203","46","5","Testis procedures"
"12","1204","46","5","Penis procedures"
"12","1205","46","5","Circumcision"
"12","1206","46","5","Other male repro system OR proc for malig"
"12","1207","46","5","Other male reproductive system OR procedur"
"12","1208","87","5","Cystourethroscopy"
"12","1209","59","5","Trach for male repro sys dis w mech vent 96+ hr"
"12","1210","59","5","Trach for male repro sys dis"
"12","1250","51","5","Malignancy, male reproductive system"
"12","1251","87","5","Benign prostatic hypertrophy"
"12","1252","87","5","Inflammation of the male reproductive system"
"12","1253","87","5","Sterilization, male"
"12","1254","87","5","Other male reproductive system diagnoses"
"12","1255","51","5","Malig, male reprod organ w chemo- and radiother"
"12","1256","51","5","Malignancy, male reprod organ w chemotherapy"
"12","1257","51","5","Malignancy, male reprod organ w radiotherapy"
"12","1258","51","5","Malignancy, male reprod organ w diag proc"
"12","1259","51","5","Malignancy, male reprod organ w blood transfusion"
"13","1301","47","5","Radical hysterectomy & radical vulvectomy"
"13","1302","49","5","Uterine & adnexal proc for other malignancy"
"13","1303","49","5","Uterine & adnexal proc for ca in situ"
"13","1304","48","5","Uterine & adnexal proc for ovarian & adnexal malig"
"13","1305","49","5","Uterine & adnexal proc for non-malignancy"
"13","1306","49","5","Incisional tubal interruption"
"13","1307","49","5","Vaginal, cervix & vulva procedures"
"13","1308","49","5","Female reproductive system reconstructive proc"
"13","1309","49","5","D&C and other uterine procedures"
"13","1310","49","5","Endoscopic tubal interruption"
"13","1311","49","5","Other female reproductive system OR procedures"
"13","1312","47","5","Pelvic evisceration"
"13","1313","49","5","Lap uterine & adnexal proc for other malignancy"
"13","1314","49","5","Lap uterine & adnexal proc for ca in situ"
"13","1315","49","5","Lap uterine & adnexal proc for ovarian & adnexal malig"
"13","1316","49","5","Lap uterine and adnexal procedures"
"13","1318","59","5","Trach for female repro sys dis w mech vent 96+ hr"
"13","1319","59","5","Trach for female repro sys dis"
"13","1350","51","5","Non-ovarian/adnexal malignancy"
"13","1351","51","5","Non-ovarian/adnexal ca in situ"
"13","1352","51","5","Ovarian/adnexal malignancy"
"13","1353","93","5","Female lower genitourinary tract infection"
"13","1354","93","5","Female pelvic infection"
"13","1355","93","5","Menstrual & other female reproductive system disorders"
"13","1356","51","5","Non ovarian/adnexal malig w chemo- and radiotherapy"
"13","1357","51","5","Non ovarian/adnexal malig w chemotherapy"
"13","1358","51","5","Non ovarian/adnexal malig w radiotherapy"
"13","1359","51","5","Non ovarian/adnexal malig w diagnostic procedures"
"13","1360","51","5","Non ovarian/adnexal malig w blood transfusion"
"13","1361","51","5","Ovarian/adnexal malig w chemo- and radiotherapy"
"13","1362","51","5","Ovarian/adnexal malig w chemotherapy"
"13","1363","51","5","Ovarian/adnexal malig w radiotherapy"
"13","1364","51","5","Ovarian/adnexal malig w diagnostic procedures"
"13","1365","51","5","Ovarian/adnexal malig w blood transfusion"
"14","1401","-1","0","Caesarean delivery"
"14","1402","-1","0","Vaginal delivery w complicating OR procedures"
"14","1403","-1","0","Postpartum/post abortion w OR procedures"
"14","1404","-1","0","Postpartum/post abortion w specific proc"
"14","1405","-1","0","Uncomplicated abortion w D&C or asp currettage"
"14","1406","-1","0","Abortion w abd hysterectomy/hysterotomy"
"14","1407","-1","0","Vaginal delivery w strilization procedures"
"14","1408","-1","0","Vaginal delivery w non-OR procedures"
"14","1409","-1","0","Vaginal delivery w minor procedures"
"14","1410","-1","0","Complicated abortion w D&C or asp currettage"
"14","1411","-1","0","Molar preegnancy w D&C or asp currettage"
"14","1412","-1","0","Ectopic pregnancy w specific proc"
"14","1450","-1","0","Vaginal delivery"
"14","1451","-1","0","Postpartum/post abortion"
"14","1452","-1","0","Antenatal condition"
"14","1453","-1","0","Ectopic pregnancy"
"14","1454","-1","0","Threatened abortion"
"14","1455","-1","0","Abortion"
"14","1456","-1","0","False labour"
"14","1457","-1","0","Complicated abortion"
"14","1458","-1","0","Molar pregnancy"
"15","1501","-1","0","Newborn, died or transf < 5 d of adm w mj or sign. proc"
"15","1502","-1","0","Newborn, died or transf < 5 d of adm w minor proc"
"15","1503","-1","0","Newborn, adm wt < 1000 gm w sign proc"
"15","1504","-1","0","Newborn, adm wt < 1000 gm w minor proc"
"15","1505","-1","0","Newborn, adm wt 1000-1499 gm w sign proc"
"15","1506","-1","0","Newborn, adm wt 1000-1499 gm w minor proc"
"15","1507","-1","0","Newborn, adm wt 1500-2499 gm w sign proc"
"15","1508","-1","0","Newborn, adm wt 1500-2499 gm w minor proc"
"15","1509","-1","0","Newborn, adm wt >2499 gm w sign proc"
"15","1510","-1","0","Newborn, adm wt >2499 gm w minor proc"
"15","1511","-1","0","Newborn with major procedures"
"15","1512","-1","0","Newborn with major cardiothoracic proc"
"15","1550","-1","0","Newb transferred < 5 d of adm wo proc"
"15","1551","-1","0","Newborn, adm wt < 1000 gm wo proc"
"15","1552","-1","0","Newborn, adm wt 1000-1499 gm wo proc"
"15","1553","-1","0","Newborn, adm wt 1500-2499 gm wo proc"
"15","1554","-1","0","Newborn, adm wt >2499 gm wo proc"
"15","1555","-1","0","Newborn, died < 5 d of adm wo proc"
"16","1601","52","5","Splenectomy"
"16","1602","59","5","Major OR proc for blood, bl frm org & imm diseases"
"16","1603","59","5","Minor OR proc for blood, bl frm org & imm diseases"
"16","1604","59","5","Trach for blood, bl frm org & imm diseases w mech vent 96+ hr"
"16","1605","59","5","Trach for blood, bl frm org & imm diseases"
"16","1650","94","5","Red blood cell disorders"
"16","1651","94","5","Coagulation disorders"
"16","1652","94","5","Reticuloendothelial and immuno disorders"
"16","1653","94","5","Red blood cell disorders w blood transfusion"
"16","1654","94","5","Coagulation disorders w coag fact transfusion"
"16","1655","94","5","Coagulation disorders w blood transfusion"
"16","1656","94","5","Reticuloendothelial and immunity dis w blood transfusion"
"17","1701","53","5","Lymphoma and leukemia w major OR procedures"
"17","1702","53","5","Other neoplastic disorders w major OR procedures"
"17","1703","53","5","Lymphoma and leukemia w other OR procedures"
"17","1704","56","5","Other neoplastic disorders w other OR procedures"
"17","1705","56","5","Trach for myeloproliferative dis w mech vent 96+ hr"
"17","1706","56","5","Trach for myeloproliferative disorders"
"17","1750","81","5","Acute leukemia"
"17","1751","81","5","Lymphoma & non-acute leukemia"
"17","1752","51","5","Other Neoplastic disorders"
"17","1756","51","5","Acute leukemia with chemo- and radiotherapy"
"17","1757","51","5","Acute leukemia with chemotherapy"
"17","1758","51","5","Acute leukemia with radiotherapy"
"17","1759","51","5","Acute leukemia with diag proc"
"17","1760","51","5","Acute leukemia with blood transfusion"
"17","1761","51","5","L'ma & non-acute leukemia w chemo- and radiother"
"17","1762","51","5","Lymphoma & non-acute leukemia w chemotherapy"
"17","1763","51","5","Lymphoma & non-acute leukemia w radiotherapy"
"17","1764","51","5","Lymphoma & non-acute leukemia w diag proc"
"17","1765","51","5","Lymphoma & non-acute leukemia w blood transfus"
"17","1766","51","5","Other neoplastic dis with chemo- and radiotherapy"
"17","1767","51","5","Other neoplastic dis with chemotherapy"
"17","1768","51","5","Other neoplastic dis with radiotherapy"
"17","1769","51","5","Other neoplastic dis with diag proc"
"17","1770","51","5","Other neoplastic dis with blood transfusion"
"18","1801","54","5","OR proc level 1 for infectious and parasitic diseases"
"18","1802","54","5","OR proc level 2 for infectious and parasitic diseases"
"18","1803","54","5","OR proc level 3 for infectious and parasitic diseases"
"18","1804","54","5","OR proc level 4 for infectious and parasitic diseases"
"18","1805","54","5","OR proc level 5 for infectious and parasitic diseases"
"18","1806","54","5","OR proc level 6 for infectious and parasitic diseases"
"18","1808","59","5","Trach for infectious diseases w mech vent 96+ hr"
"18","1809","59","5","Trach for infectious diseases"
"18","1850","82","5","Septicemia, adult, not transferred"
"18","1851","82","5","Septicemia, child"
"18","1852","95","5","Postop and post-traumatic infections, elderly"
"18","1853","95","5","Postop and post-traumatic infections, not elderly"
"18","1854","95","5","Malaria, adult"
"18","1855","95","5","Malaria, child"
"18","1856","95","5","Dengue, adult"
"18","1857","95","5","Dengue, child"
"18","1858","95","5","Fever of unknow origin, adult"
"18","1859","95","5","Fever of unknow origin, child"
"18","1860","95","5","Viral illness except dengue, adult"
"18","1861","95","5","Viral illness except dengue, child"
"18","1862","95","5","Fungal diseases, adult"
"18","1863","95","5","Fungal diseases, child"
"18","1864","95","5","Other infectious and parasitic diseases, adult"
"18","1865","95","5","Other infectious and parasitic diseases, child"
"18","1866","95","5","Melioidosis, adult"
"18","1867","95","5","Melioidosis, child"
"18","1868","95","5","Leptospirosis, adult"
"18","1869","95","5","Leptospirosis, child"
"18","1870","95","5","Dengue with shock, adult"
"18","1871","95","5","Dengue with shock, child"
"18","1872","82","5","Septicemia, adult, transferred"
"19","1901","96","5","Acute psychotic disorders with ECT"
"19","1902","96","5","Chronic psychotic disorders with ECT"
"19","1903","96","5","Major affective disorders with ECT"
"19","1950","96","5","Acute psychotic disorders"
"19","1951","96","5","Chronic psychotic disorders"
"19","1952","96","5","Major affective disorders"
"19","1953","96","5","Other affect and somatoform disorders"
"19","1954","96","5","Acute reaction and psychosocial dysfunction"
"19","1955","96","5","Anxiety disorders"
"19","1956","96","5","Eating and obscessive compulsive disorders"
"19","1957","96","5","Personality and impulse control disorders"
"19","1958","96","5","Childhood mental disorders"
"19","1959","96","5","Organic disturbance and mental retardation"
"19","1960","96","5","Other mental disorders"
"19","1961","96","5","Sexual dysfunction"
"20","2050","87","5","Alcohol intoxication and withdrawal"
"20","2051","87","5","Drug use disorders and withdrawal"
"20","2052","87","5","Alcohol use disorders and dependence"
"20","2053","87","5","Opioid use disorders and dependence"
"20","2054","87","5","Psychostimulant use disorders and dependence"
"20","2055","87","5","Other drug use disorders and intoxication"
"21","2101","55","5","Wound debridements for injuries"
"21","2102","56","5","Skin grafts for injuries"
"21","2103","56","5","Hand procedures for injuries"
"21","2104","55","5","Other OR procedures for injuries"
"21","2105","59","5","Trach for injuries & poisonings w mech vent 96+ hr"
"21","2106","59","5","Trach for injuries & poisonings"
"21","2107","55","5","Multiple wound debridements for injuries"
"21","2150","97","5","Traumatic injury age >17"
"21","2151","97","5","Traumatic injury age 0-17"
"21","2152","97","5","Allergic reactions age >17"
"21","2153","97","5","Allergic reactions age 0-17"
"21","2154","97","5","Poisoning & toxic effects of drugs age >17"
"21","2155","97","5","Poisoning & toxic effects of drugs age 0-17"
"21","2156","97","5","Complications of treatment"
"21","2157","97","5","Other injury, poisoning & toxic effect diag"
"22","2201","57","5","Extensive 3rd degree burns w skin graft"
"22","2202","57","5","Full thickness burns w skin graft or inh inj"
"22","2203","59","5","Trach for burns w mech vent 96+ hr"
"22","2204","59","5","Tracheostomy for burns"
"22","2250","87","5","Extensive 3rd degree burns w/o skin graft"
"22","2251","87","5","Full thickness burns w/o skin graft/inh inj"
"22","2252","87","5","Non-extensive burns"
"23","2303","81","5","Aftercare w endoscopy"
"23","2304","58","5","OR proc level 1 w diag of other contact w health serv"
"23","2305","58","5","OR proc level 2 w diag of other contact w health serv"
"23","2306","58","5","OR proc level 3 w diag of other contact w health serv"
"23","2307","58","5","OR proc level 4 w diag of other contact w health serv"
"23","2308","58","5","OR proc level 5 to 6 w diag of oth contact w health serv"
"23","2311","59","5","Trach for oth contact w hlth serv w mech vent 96+ hr"
"23","2312","59","5","Trach for oth contact w health serv"
"23","2350","83","5","Rehabilitation"
"23","2351","98","5","Signs, symptoms and other abnormal findings"
"23","2352","98","5","Aftercare"
"23","2353","98","5","Oth factors influencing health status, in the elderly"
"23","2354","98","5","Oth factors influencing health status, not in the elderly"
"23","2355","83","5","Rehabilitation for neuromuscular disorders"
"24","2401","55","5","Intracranial w spinal/abd/skin/lower ext proc for MST"
"24","2405","55","5","Spinal w abd/skin/lower ext proc for MST"
"24","2408","55","5","Skin w abdominal/lower ext proc for MST"
"24","2410","55","5","Abdominal w lower extremity proc for MST"
"24","2411","55","5","Intracranial procedures for MST"
"24","2412","55","5","Spinal procedures for MST"
"24","2413","55","5","Other OR procedures for MST"
"24","2414","55","5","Not sign OR procedures for trauma in MST"
"24","2415","55","5","Trach for MST w mech vent 96+ hr"
"24","2416","55","5","Tracheostomy for MST"
"24","2417","55","5","Multiple wound debridement for MST"
"24","2450","97","5","Multiple significant trauma"
"25","2501","54","5","OR proc level 1 for HIV infections"
"25","2502","54","5","OR proc level 2 for HIV infections"
"25","2503","54","5","OR proc level 3 for HIV infections"
"25","2504","54","5","OR proc level 4 for HIV infections"
"25","2505","54","5","OR proc level 5 for HIV infections"
"25","2506","54","5","OR proc level 6 for HIV infections"
"25","2508","54","5","Trach for HIV infections w mech vent 96+ hr"
"25","2509","54","5","Trach for HIV infections"
"25","2550","95","5","HIV-related CNS diseases"
"25","2551","95","5","HIV-related malignancy"
"25","2552","95","5","HIV-related infection, not transferred"
"25","2553","95","5","Other HIV-related condition"
"25","2554","95","5","HIV-related infection, transferred"
"26","2601","26","5","OR proc level 1 unrelated to PDx"
"26","2602","26","5","OR proc level 2 unrelated to PDx"
"26","2603","26","5","OR proc level 3 unrelated to PDx"
"26","2604","26","5","OR proc level 4 unrelated to PDx"
"26","2605","26","5","OR proc level 5 unrelated to PDx"
"26","2606","26","5","OR proc level 6 unrelated to PDx"
"26","2650","0","1","Ungroupable"
"26","2651","0","1","Unacceptable principal diagnosis"
"14","2652","-1","0","Unacceptable obstetric diagnosis combination"
"26","2653","0","1","Ungroupable, invalid age"
"26","2654","0","1","Ungroupable, LOS less than 2 hours"
"28","2801","0","1","LOS 6 hours or less, child, died, w mechanical vetilation"
"28","2802","0","1","LOS 6 hours or less, age 12 - 65 years, died, w mechanical vetilat"
"28","2803","0","1","LOS 6 hours or less, age >65 years, died, w mechanical vetilation"
"28","2804","0","1","LOS 6 hours or less, KUB ESWL"
"28","2805","0","1","LOS 6 hours or less w cardiac cath & CAG"
"28","2806","0","1","LOS 6 hours or less w cataract proc"
"28","2807","0","1","LOS 6 hours or less w radio-implant"
"28","2808","0","1","LOS 6 hours or less w dialysis AV shunt"
"28","2809","0","1","LOS 6 hours or less w closed red int fix"
"28","2810","0","1","LOS 6 hours or less w hernia repair"
"28","2811","0","1","LOS 6 hours or less w hydrocelectomy"
"28","2812","0","1","LOS 6 hours or less w cystoscopy"
"28","2813","0","1","LOS 6 hours or less w mouth & tongue proc"
"28","2814","0","1","LOS 6 hours or less w tendon proc"
"28","2815","0","1","LOS 6 hours or less w esophageal proc"
"28","2816","0","1","LOS 6 hours or less w circum & oth penile proc"
"28","2817","0","1","LOS 6 hours or less w plastc skin proc"
"28","2818","0","1","LOS 6 hours or less w remove implant"
"28","2819","0","1","LOS 6 hours or less w dilation and curettage"
"28","2820","0","1","LOS 6 hours or less w breast procedures"
"28","2821","0","1","LOS 6 hours or less w female sterilization"
"28","2822","0","1","LOS 6 hours or less w colonoscopy"
"28","2823","0","1","LOS 6 hours or less w amputation"
"28","2824","0","1","LOS 6 hours or less w ear, nose pharynx proc"
"28","2825","0","1","LOS 6 hours or less w debride open fracture"
"28","2826","0","1","LOS 6 hours or less w gastroscopy"
"28","2827","0","1","LOS 6 hours or less w skin & nail proc"
"28","2828","0","1","LOS 6 hours or less w cervical proc"
"28","2829","0","1","LOS 6 hours or less w hemodialysis"
"28","2830","0","1","LOS 6 hours or less w other eye proc"
"28","2831","0","1","LOS 6 hours or less w carpal tunnel release"
"28","2832","0","1","LOS 6 hours or less w closed reduc disloc"
"28","2833","0","1","LOS 6 hours or less w closed fx reduct"
"28","2834","0","1","LOS 6 hours or less w vulvar & vaginal proc"
"28","2835","0","1","LOS 6 hours or less w bartholin gl proc"
"28","2836","0","1","LOS 6 hours or less w urethral proc"
"28","2837","0","1","LOS 6 hours or less w other OR proc"
"28","2850","0","1","LOS 6 hours or less, newborn care"
"28","2851","0","1","LOS 6 hours or less, new born, discharge escape or against advice"
"28","2852","0","1","LOS 6 hours or less, child, discharge escape or against advice"
"28","2853","0","1","LOS 6 hours or less, age 12 - 65 y, discharge escape or against advice"
"28","2854","0","1","LOS 6 hours or less, age >65 y discharge escape or against advice"
"28","2855","0","1","LOS 6 hours or less, newborn, transferred"
"28","2856","0","1","LOS 6 hours or less, child, transferred"
"28","2857","0","1","LOS 6 hours or less, age 12 - 65 y w CVA, transferred"
"28","2858","0","1","LOS 6 hours or less, age 12 - 65 y w acute MI, transferred"
"28","2859","0","1","LOS 6 hours or less, age 12 - 65 y, transferred"
"28","2860","0","1","LOS 6 hours or less, age >65 y, transferred"
"28","2861","0","1","LOS 6 hours or less, newborn, died"
"28","2862","0","1","LOS 6 hours or less, child, died"
"28","2863","0","1","LOS 6 hours or less, age 12 - 65 y, died"
"28","2864","0","1","LOS 6 hours or less, age >65 y w CVA, died"
"28","2865","0","1","LOS 6 hours or less, age >65 y w acute MI, died"
"28","2866","0","1","LOS 6 hours or less, age >65 y w GI hemorrhage, died"
"28","2867","0","1","LOS 6 hours or less, age >65 y, died"
"28","2868","0","1","LOS 6 hours or less, age >27 d with cancer chemotherapy"
"28","2869","0","1","LOS 6 hours or less, care for patient age > 27 days"
