"PDRG","FDRG"
"00010","00019"
"00011","00019"
"00012","00019"
"00013","00019"
"00014","00019"
"00020","00029"
"00021","00029"
"00022","00029"
"00023","00029"
"00024","00029"
"00040","00049"
"00041","00049"
"00042","00049"
"00043","00049"
"00044","00049"
"01021","01022"
"01031","01032"
"01041","01042"
"01051","01052"
"01070","01079"
"01071","01079"
"01072","01079"
"01073","01079"
"01074","01079"
"01081","01082"
"01091","01093"
"01092","01093"
"01100","01109"
"01101","01109"
"01102","01109"
"01103","01109"
"01104","01109"
"01121","01122"
"01131","01132"
"01141","01142"
"01151","01152"
"01161","01163"
"01162","01163"
"01171","01174"
"01172","01174"
"01173","01174"
"01511","01514"
"01512","01514"
"01513","01514"
"01521","01522"
"01691","01692"
"01701","01704"
"01702","01704"
"01703","01704"
"01731","01732"
"01741","01743"
"01742","01743"
"02011","02012"
"02021","02022"
"02030","02039"
"02031","02039"
"02032","02039"
"02033","02039"
"02034","02039"
"02051","02052"
"02081","02082"
"02091","02092"
"02093","02094"
"02100","02109"
"02101","02109"
"02102","02109"
"02103","02109"
"02104","02109"
"02111","02112"
"02113","02114"
"02121","02124"
"02122","02124"
"02123","02124"
"02130","02139"
"02131","02139"
"02132","02139"
"02133","02139"
"02134","02139"
"02140","02149"
"02141","02149"
"02142","02149"
"02143","02149"
"02144","02149"
"02150","02159"
"02151","02159"
"02152","02159"
"02153","02159"
"02154","02159"
"02503","02504"
"02511","02512"
"02521","02522"
"02523","02524"
"02531","02532"
"02533","02534"
"03011","03012"
"03021","03022"
"03023","03024"
"03041","03042"
"03043","03044"
"03051","03054"
"03052","03054"
"03053","03054"
"03061","03062"
"03071","03074"
"03072","03074"
"03073","03074"
"03081","03084"
"03082","03084"
"03083","03084"
"03091","03092"
"03093","03094"
"03101","03102"
"03110","03119"
"03111","03119"
"03112","03119"
"03113","03119"
"03114","03119"
"03121","03122"
"03123","03124"
"03131","03132"
"03141","03142"
"03151","03152"
"03153","03154"
"03161","03162"
"03171","03174"
"03172","03174"
"03173","03174"
"03180","03189"
"03181","03189"
"03182","03189"
"03183","03189"
"03184","03189"
"03190","03199"
"03191","03199"
"03192","03199"
"03193","03199"
"03194","03199"
"03201","03202"
"03211","03213"
"03212","03213"
"03221","03222"
"03231","03232"
"03553","03554"
"03611","03612"
"03621","03622"
"04011","04012"
"04021","04022"
"04052","04053"
"04061","04062"
"04071","04072"
"04081","04082"
"04500","04509"
"04501","04509"
"04502","04509"
"04503","04509"
"04504","04509"
"04511","04512"
"04531","04534"
"04532","04534"
"04533","04534"
"04541","04542"
"04621","04622"
"04651","04652"
"04711","04712"
"05011","05013"
"05012","05013"
"05021","05023"
"05022","05023"
"05030","05039"
"05031","05039"
"05032","05039"
"05033","05039"
"05034","05039"
"05041","05042"
"05051","05052"
"05061","05062"
"05070","05079"
"05071","05079"
"05072","05079"
"05073","05079"
"05074","05079"
"05081","05082"
"05091","05092"
"05100","05109"
"05101","05109"
"05102","05109"
"05103","05109"
"05104","05109"
"05111","05112"
"05113","05114"
"05121","05123"
"05122","05123"
"05131","05133"
"05132","05133"
"05141","05142"
"05151","05152"
"05161","05162"
"05171","05173"
"05172","05173"
"05181","05183"
"05182","05183"
"05191","05193"
"05192","05193"
"05201","05202"
"05211","05212"
"05231","05232"
"05241","05243"
"05242","05243"
"05250","05259"
"05251","05259"
"05252","05259"
"05253","05259"
"05254","05259"
"05261","05264"
"05262","05264"
"05263","05264"
"05271","05272"
"05280","05289"
"05281","05289"
"05282","05289"
"05283","05289"
"05284","05289"
"05291","05293"
"05292","05293"
"05301","05303"
"05302","05303"
"05311","05314"
"05312","05314"
"05313","05314"
"05321","05324"
"05322","05324"
"05323","05324"
"05331","05334"
"05332","05334"
"05333","05334"
"05341","05344"
"05342","05344"
"05343","05344"
"05350","05359"
"05351","05359"
"05352","05359"
"05353","05359"
"05354","05359"
"05361","05362"
"05371","05373"
"05372","05373"
"05501","05502"
"05512","05514"
"05513","05514"
"05521","05522"
"05541","05542"
"05570","05579"
"05571","05579"
"05572","05579"
"05573","05579"
"05574","05579"
"06041","06042"
"06051","06052"
"06081","06082"
"06111","06112"
"06121","06122"
"06123","06124"
"06131","06132"
"06150","06159"
"06151","06159"
"06152","06159"
"06153","06159"
"06154","06159"
"06171","06172"
"06200","06209"
"06201","06209"
"06202","06209"
"06203","06209"
"06204","06209"
"06220","06229"
"06221","06229"
"06222","06229"
"06223","06229"
"06224","06229"
"06231","06232"
"06233","06234"
"06250","06259"
"06251","06259"
"06252","06259"
"06253","06259"
"06254","06259"
"06260","06269"
"06261","06269"
"06262","06269"
"06263","06269"
"06264","06269"
"06270","06279"
"06271","06279"
"06272","06279"
"06273","06279"
"06274","06279"
"06281","06282"
"06283","06284"
"06290","06299"
"06291","06299"
"06292","06299"
"06293","06299"
"06294","06299"
"06302","06303"
"06312","06313"
"06321","06322"
"06331","06334"
"06332","06334"
"06333","06334"
"06340","06349"
"06341","06349"
"06342","06349"
"06343","06349"
"06344","06349"
"06531","06532"
"06551","06552"
"06553","06554"
"06631","06634"
"06632","06634"
"06633","06634"
"06653","06654"
"06673","06674"
"06681","06682"
"06703","06704"
"06721","06722"
"06731","06732"
"07011","07012"
"07021","07022"
"07031","07032"
"07041","07042"
"07061","07062"
"07071","07072"
"07081","07082"
"07091","07092"
"07093","07094"
"07101","07102"
"07111","07112"
"07120","07129"
"07121","07129"
"07122","07129"
"07123","07129"
"07124","07129"
"07130","07139"
"07131","07139"
"07132","07139"
"07133","07139"
"07134","07139"
"07561","07564"
"07562","07564"
"07563","07564"
"07581","07584"
"07582","07584"
"07583","07584"
"07611","07612"
"08012","08014"
"08013","08014"
"08022","08023"
"08032","08033"
"08040","08049"
"08041","08049"
"08042","08049"
"08043","08049"
"08044","08049"
"08061","08062"
"08081","08082"
"08091","08092"
"08093","08094"
"08121","08122"
"08153","08154"
"08171","08172"
"08183","08184"
"08241","08242"
"08243","08244"
"08251","08254"
"08252","08254"
"08253","08254"
"08260","08269"
"08261","08269"
"08262","08269"
"08263","08269"
"08264","08269"
"08270","08279"
"08271","08279"
"08272","08279"
"08273","08279"
"08274","08279"
"08291","08292"
"08320","08329"
"08321","08329"
"08322","08329"
"08323","08329"
"08324","08329"
"08330","08339"
"08331","08339"
"08332","08339"
"08333","08339"
"08334","08339"
"08340","08349"
"08341","08349"
"08342","08349"
"08343","08349"
"08344","08349"
"08350","08359"
"08351","08359"
"08352","08359"
"08353","08359"
"08354","08359"
"08361","08363"
"08362","08363"
"08521","08522"
"08523","08524"
"08642","08644"
"08643","08644"
"08663","08664"
"08681","08684"
"08682","08684"
"08683","08684"
"08701","08702"
"08721","08722"
"09011","09012"
"09021","09022"
"09023","09024"
"09031","09032"
"09033","09034"
"09041","09042"
"09043","09044"
"09051","09052"
"09070","09079"
"09071","09079"
"09072","09079"
"09073","09079"
"09074","09079"
"09081","09082"
"09083","09084"
"09101","09102"
"09111","09112"
"09113","09114"
"09120","09129"
"09121","09129"
"09122","09129"
"09123","09129"
"09124","09129"
"09130","09139"
"09131","09139"
"09132","09139"
"09133","09139"
"09134","09139"
"09141","09144"
"09142","09144"
"09143","09144"
"09151","09152"
"09521","09522"
"09551","09552"
"09553","09554"
"09573","09574"
"09593","09594"
"09601","09604"
"09602","09604"
"09603","09604"
"09611","09612"
"09621","09622"
"09631","09632"
"09633","09634"
"09641","09642"
"10011","10012"
"10021","10022"
"10023","10024"
"10031","10032"
"10033","10034"
"10041","10042"
"10050","10059"
"10051","10059"
"10052","10059"
"10053","10059"
"10054","10059"
"10061","10062"
"10071","10074"
"10072","10074"
"10073","10074"
"10081","10082"
"10090","10099"
"10091","10099"
"10092","10099"
"10093","10099"
"10094","10099"
"10101","10102"
"10110","10119"
"10111","10119"
"10112","10119"
"10113","10119"
"10114","10119"
"10120","10129"
"10121","10129"
"10122","10129"
"10123","10129"
"10124","10129"
"10523","10524"
"10571","10573"
"10572","10573"
"11011","11014"
"11012","11014"
"11013","11014"
"11021","11022"
"11031","11032"
"11051","11052"
"11091","11092"
"11101","11102"
"11103","11104"
"11123","11124"
"11130","11139"
"11131","11139"
"11132","11139"
"11133","11139"
"11134","11139"
"11140","11149"
"11141","11149"
"11142","11149"
"11143","11149"
"11144","11149"
"11150","11159"
"11151","11159"
"11152","11159"
"11153","11159"
"11154","11159"
"11161","11162"
"11163","11164"
"11513","11514"
"11520","11529"
"11521","11529"
"11522","11529"
"11523","11529"
"11524","11529"
"11573","11574"
"11603","11604"
"11610","11619"
"11611","11619"
"11612","11619"
"11613","11619"
"11614","11619"
"11631","11634"
"11632","11634"
"11633","11634"
"11641","11642"
"11651","11652"
"12011","12012"
"12013","12014"
"12041","12042"
"12053","12054"
"12061","12062"
"12071","12072"
"12090","12099"
"12091","12099"
"12092","12099"
"12093","12099"
"12094","12099"
"12100","12109"
"12101","12109"
"12102","12109"
"12103","12109"
"12104","12109"
"12530","12539"
"12531","12539"
"12532","12539"
"12533","12539"
"12534","12539"
"12541","12542"
"12543","12544"
"12550","12559"
"12551","12559"
"12552","12559"
"12553","12559"
"12554","12559"
"12571","12572"
"12573","12574"
"12581","12582"
"12583","12584"
"12591","12592"
"12593","12594"
"13033","13034"
"13061","13062"
"13063","13064"
"13083","13084"
"13101","13104"
"13102","13104"
"13103","13104"
"13120","13129"
"13121","13129"
"13122","13129"
"13123","13129"
"13124","13129"
"13130","13139"
"13131","13139"
"13132","13139"
"13133","13139"
"13134","13139"
"13140","13149"
"13141","13149"
"13142","13149"
"13143","13149"
"13144","13149"
"13151","13152"
"13153","13154"
"13180","13189"
"13181","13189"
"13182","13189"
"13183","13189"
"13184","13189"
"13190","13199"
"13191","13199"
"13192","13199"
"13193","13199"
"13194","13199"
"13511","13512"
"13513","13514"
"13533","13534"
"13610","13619"
"13611","13619"
"13612","13619"
"13613","13619"
"13614","13619"
"13630","13639"
"13631","13639"
"13632","13639"
"13633","13639"
"13634","13639"
"13641","13642"
"13651","13652"
"16011","16012"
"16021","16022"
"16031","16032"
"16040","16049"
"16041","16049"
"16042","16049"
"16043","16049"
"16044","16049"
"16050","16059"
"16051","16059"
"16052","16059"
"16053","16059"
"16054","16059"
"16542","16543"
"17011","17013"
"17012","17013"
"17021","17023"
"17022","17023"
"17031","17032"
"17041","17042"
"17050","17059"
"17051","17059"
"17052","17059"
"17053","17059"
"17054","17059"
"17060","17069"
"17061","17069"
"17062","17069"
"17063","17069"
"17064","17069"
"17521","17522"
"17561","17564"
"17562","17564"
"17563","17564"
"17580","17589"
"17581","17589"
"17582","17589"
"17583","17589"
"17584","17589"
"17601","17602"
"17611","17612"
"17631","17632"
"17660","17669"
"17661","17669"
"17662","17669"
"17663","17669"
"17664","17669"
"17671","17672"
"17673","17674"
"17681","17684"
"17682","17684"
"17683","17684"
"17691","17692"
"17701","17702"
"18011","18012"
"18013","18014"
"18021","18022"
"18031","18032"
"18041","18042"
"18051","18052"
"18061","18064"
"18062","18064"
"18063","18064"
"18080","18089"
"18081","18089"
"18082","18089"
"18083","18089"
"18084","18089"
"18090","18099"
"18091","18099"
"18092","18099"
"18093","18099"
"18094","18099"
"18521","18522"
"18531","18532"
"18541","18542"
"18551","18552"
"18593","18594"
"18621","18622"
"18630","18639"
"18631","18639"
"18632","18639"
"18633","18639"
"18634","18639"
"18661","18662"
"18671","18672"
"18691","18692"
"18701","18702"
"18703","18704"
"18711","18712"
"18721","18722"
"19010","19019"
"19011","19019"
"19012","19019"
"19013","19019"
"19014","19019"
"19021","19024"
"19022","19024"
"19023","19024"
"19030","19039"
"19031","19039"
"19032","19039"
"19033","19039"
"19034","19039"
"19500","19509"
"19501","19509"
"19502","19509"
"19503","19509"
"19504","19509"
"19510","19519"
"19511","19519"
"19512","19519"
"19513","19519"
"19514","19519"
"19521","19522"
"19523","19524"
"19531","19532"
"19533","19534"
"19541","19542"
"19543","19544"
"19551","19552"
"19553","19554"
"19560","19569"
"19561","19569"
"19562","19569"
"19563","19569"
"19564","19569"
"19570","19579"
"19571","19579"
"19572","19579"
"19573","19579"
"19574","19579"
"19581","19584"
"19582","19584"
"19583","19584"
"19603","19604"
"19610","19619"
"19611","19619"
"19612","19619"
"19613","19619"
"19614","19619"
"20511","20512"
"20513","20514"
"20521","20522"
"20531","20534"
"20532","20534"
"20533","20534"
"20540","20549"
"20541","20549"
"20542","20549"
"20543","20549"
"20544","20549"
"20551","20554"
"20552","20554"
"20553","20554"
"21011","21012"
"21021","21022"
"21031","21034"
"21032","21034"
"21033","21034"
"21041","21042"
"21050","21059"
"21051","21059"
"21052","21059"
"21053","21059"
"21054","21059"
"21060","21069"
"21061","21069"
"21062","21069"
"21063","21069"
"21064","21069"
"21071","21073"
"21072","21073"
"21513","21514"
"21521","21522"
"21531","21532"
"21533","21534"
"21571","21572"
"22011","22014"
"22012","22014"
"22013","22014"
"22021","22022"
"22030","22039"
"22031","22039"
"22032","22039"
"22033","22039"
"22034","22039"
"22040","22049"
"22041","22049"
"22042","22049"
"22043","22049"
"22044","22049"
"22513","22514"
"23030","23039"
"23031","23039"
"23032","23039"
"23033","23039"
"23034","23039"
"23041","23044"
"23042","23044"
"23043","23044"
"23050","23059"
"23051","23059"
"23052","23059"
"23053","23059"
"23054","23059"
"23061","23064"
"23062","23064"
"23063","23064"
"23071","23072"
"23073","23074"
"23080","23089"
"23081","23089"
"23082","23089"
"23083","23089"
"23084","23089"
"23110","23119"
"23111","23119"
"23112","23119"
"23113","23119"
"23114","23119"
"23120","23129"
"23121","23129"
"23122","23129"
"23123","23129"
"23124","23129"
"23501","23504"
"23502","23504"
"23503","23504"
"23521","23522"
"23523","23524"
"23531","23532"
"23541","23542"
"23550","23559"
"23551","23559"
"23552","23559"
"23553","23559"
"23554","23559"
"24011","24012"
"24051","24054"
"24052","24054"
"24053","24054"
"24081","24082"
"24101","24102"
"24111","24113"
"24112","24113"
"24121","24122"
"24123","24124"
"24140","24149"
"24141","24149"
"24142","24149"
"24143","24149"
"24144","24149"
"24151","24154"
"24152","24154"
"24153","24154"
"24160","24169"
"24161","24169"
"24162","24169"
"24163","24169"
"24164","24169"
"24171","24172"
"24501","24502"
"25010","25019"
"25011","25019"
"25012","25019"
"25013","25019"
"25014","25019"
"25020","25029"
"25021","25029"
"25022","25029"
"25023","25029"
"25024","25029"
"25031","25033"
"25032","25033"
"25041","25043"
"25042","25043"
"25051","25054"
"25052","25054"
"25053","25054"
"25060","25069"
"25061","25069"
"25062","25069"
"25063","25069"
"25064","25069"
"25080","25089"
"25081","25089"
"25082","25089"
"25083","25089"
"25084","25089"
"25090","25099"
"25091","25099"
"25092","25099"
"25093","25099"
"25094","25099"
"25501","25502"
"25511","25512"
"25521","25522"
"25531","25532"
"25541","25542"
"26011","26012"
"26021","26022"
"26031","26032"
"26041","26042"
"26051","26053"
"26052","26053"
"26061","26063"
"26062","26063"
"26500","26509"
"26501","26509"
"26502","26509"
"26503","26509"
"26504","26509"
"26510","26519"
"26511","26519"
"26512","26519"
"26513","26519"
"26514","26519"
"26530","26539"
"26531","26539"
"26532","26539"
"26533","26539"
"26534","26539"
"26540","26549"
"26541","26549"
"26542","26549"
"26543","26549"
"26544","26549"
"28010","28019"
"28011","28019"
"28012","28019"
"28013","28019"
"28014","28019"
"28020","28029"
"28021","28029"
"28022","28029"
"28023","28029"
"28024","28029"
"28030","28039"
"28031","28039"
"28032","28039"
"28033","28039"
"28034","28039"
"28040","28049"
"28041","28049"
"28042","28049"
"28043","28049"
"28044","28049"
"28050","28059"
"28051","28059"
"28052","28059"
"28053","28059"
"28054","28059"
"28060","28069"
"28061","28069"
"28062","28069"
"28063","28069"
"28064","28069"
"28070","28079"
"28071","28079"
"28072","28079"
"28073","28079"
"28074","28079"
"28080","28089"
"28081","28089"
"28082","28089"
"28083","28089"
"28084","28089"
"28090","28099"
"28091","28099"
"28092","28099"
"28093","28099"
"28094","28099"
"28100","28109"
"28101","28109"
"28102","28109"
"28103","28109"
"28104","28109"
"28110","28119"
"28111","28119"
"28112","28119"
"28113","28119"
"28114","28119"
"28120","28129"
"28121","28129"
"28122","28129"
"28123","28129"
"28124","28129"
"28130","28139"
"28131","28139"
"28132","28139"
"28133","28139"
"28134","28139"
"28140","28149"
"28141","28149"
"28142","28149"
"28143","28149"
"28144","28149"
"28150","28159"
"28151","28159"
"28152","28159"
"28153","28159"
"28154","28159"
"28160","28169"
"28161","28169"
"28162","28169"
"28163","28169"
"28164","28169"
"28170","28179"
"28171","28179"
"28172","28179"
"28173","28179"
"28174","28179"
"28180","28189"
"28181","28189"
"28182","28189"
"28183","28189"
"28184","28189"
"28190","28199"
"28191","28199"
"28192","28199"
"28193","28199"
"28194","28199"
"28200","28209"
"28201","28209"
"28202","28209"
"28203","28209"
"28204","28209"
"28210","28219"
"28211","28219"
"28212","28219"
"28213","28219"
"28214","28219"
"28220","28229"
"28221","28229"
"28222","28229"
"28223","28229"
"28224","28229"
"28230","28239"
"28231","28239"
"28232","28239"
"28233","28239"
"28234","28239"
"28240","28249"
"28241","28249"
"28242","28249"
"28243","28249"
"28244","28249"
"28250","28259"
"28251","28259"
"28252","28259"
"28253","28259"
"28254","28259"
"28260","28269"
"28261","28269"
"28262","28269"
"28263","28269"
"28264","28269"
"28270","28279"
"28271","28279"
"28272","28279"
"28273","28279"
"28274","28279"
"28280","28289"
"28281","28289"
"28282","28289"
"28283","28289"
"28284","28289"
"28290","28299"
"28291","28299"
"28292","28299"
"28293","28299"
"28294","28299"
"28300","28309"
"28301","28309"
"28302","28309"
"28303","28309"
"28304","28309"
"28310","28319"
"28311","28319"
"28312","28319"
"28313","28319"
"28314","28319"
"28320","28329"
"28321","28329"
"28322","28329"
"28323","28329"
"28324","28329"
"28330","28339"
"28331","28339"
"28332","28339"
"28333","28339"
"28334","28339"
"28340","28349"
"28341","28349"
"28342","28349"
"28343","28349"
"28344","28349"
"28350","28359"
"28351","28359"
"28352","28359"
"28353","28359"
"28354","28359"
"28360","28369"
"28361","28369"
"28362","28369"
"28363","28369"
"28364","28369"
"28370","28379"
"28371","28379"
"28372","28379"
"28373","28379"
"28374","28379"
"28500","28509"
"28501","28509"
"28502","28509"
"28503","28509"
"28504","28509"
"28510","28519"
"28511","28519"
"28512","28519"
"28513","28519"
"28514","28519"
"28520","28529"
"28521","28529"
"28522","28529"
"28523","28529"
"28524","28529"
"28530","28539"
"28531","28539"
"28532","28539"
"28533","28539"
"28534","28539"
"28540","28549"
"28541","28549"
"28542","28549"
"28543","28549"
"28544","28549"
"28550","28559"
"28551","28559"
"28552","28559"
"28553","28559"
"28554","28559"
"28560","28569"
"28561","28569"
"28562","28569"
"28563","28569"
"28564","28569"
"28570","28579"
"28571","28579"
"28572","28579"
"28573","28579"
"28574","28579"
"28580","28589"
"28581","28589"
"28582","28589"
"28583","28589"
"28584","28589"
"28590","28599"
"28591","28599"
"28592","28599"
"28593","28599"
"28594","28599"
"28600","28609"
"28601","28609"
"28602","28609"
"28603","28609"
"28604","28609"
"28610","28619"
"28611","28619"
"28612","28619"
"28613","28619"
"28614","28619"
"28620","28629"
"28621","28629"
"28622","28629"
"28623","28629"
"28624","28629"
"28630","28639"
"28631","28639"
"28632","28639"
"28633","28639"
"28634","28639"
"28640","28649"
"28641","28649"
"28642","28649"
"28643","28649"
"28644","28649"
"28650","28659"
"28651","28659"
"28652","28659"
"28653","28659"
"28654","28659"
"28660","28669"
"28661","28669"
"28662","28669"
"28663","28669"
"28664","28669"
"28670","28679"
"28671","28679"
"28672","28679"
"28673","28679"
"28674","28679"
"28680","28689"
"28681","28689"
"28682","28689"
"28683","28689"
"28684","28689"
"28690","28699"
"28691","28699"
"28692","28699"
"28693","28699"
"28694","28699"
