"MDC","PDC","CTYPE","HIERAR","CNAME"
"01","1A","D",,"Spinal disorders and injuries"
"01","1B","D",,"Cerebral palsy"
"01","1C","D",,"Nervous system neoplasms"
"01","1D","D",,"Degenerative  nervous system disorders"
"01","1E","D",,"Multiple sclerosis and cerebellar ataxia"
"01","1F","D",,"Specific cerebrovascular disorders exc TIA"
"01","1G","D",,"TIA and precerebral occlusions"
"01","1H","D",,"Nonspecific cerebrovascular disorders"
"01","1J","D",,"Cranial and peripheral nerve disorders"
"01","1K","D",,"Nervous syst infection exc viral meningitis"
"01","1L","D",,"Viral meningitis"
"01","1M","D",,"Nontraumatic stupor and coma"
"01","1N","D",,"Febrile convulsions"
"01","1P","D",,"Seizure disorders"
"01","1Q","D",,"Headache"
"01","1R","D",,"Intracranial injury"
"01","1S","D",,"Skull fractures"
"01","1T","D",,"Other head injury"
"01","1U","D",,"Other disorders of nervous system"
"01","1V","D",,"Guillain-Barre syndrome"
"01","1PA","P","12","Ventricular shunt revision"
"01","1PB","P","05","Craniotomy"
"01","1PC","P","04","Spinal procedures"
"01","1PD","P","11","Extracranial vascular procedures"
"01","1PE","P","16","Carpal tunnel release"
"01","1PF","P","13","Peripheral & cranial nerve & other NS proc"
"01","1PG","P","14","Proc comb in Peripheral& CN & other  NS proc"
"01","1PH","P","03","Open intracranial vascular procedures"
"01","1PJ","P","10","Endovascular procedures for intracranial lesions"
"01","1PK","P","01","Multiple craniotomy"
"01","1PL","P","02","Therapeu plasmapheresis"
"02","2A","D",,"Acute and Major Eye Infections"
"02","2B","D",,"Neurological and Vasc Disor of the Eye"
"02","2C","D",,"Hyphema and Trauma"
"02","2D","D",,"Other Disorders of the Eye"
"02","2E","D",,"Malignant neoplasm of eye"
"02","2PA","P","01","Retinal Procedures"
"02","2PB","P","04","Enucleation and orbital proc"
"02","2PD","P","15","Intraocular proc except lens & retina"
"02","2PE","P","13","Major Lens Procedures"
"02","2PF","P","16","Other Lens Procedures"
"02","2PG","P","17","Other Eye Procedures"
"02","2PH","P","03","Other mechanical vitrectomy"
"02","2PJ","P","02","Keratoplasty"
"02","2PK","P","11","Multiple major lens procedures"
"02","2PL","P","12","Multiple other lens procedures"
"02","2PM","P","14","Major proc for lacrimal system"
"03","3A","D",,"Ear,Nose, Mouth and Throat Malignancy"
"03","3B","D",,"Dysequilibrium"
"03","3C","D",,"Epistaxis"
"03","3D","D",,"Otitis Media and URI"
"03","3E","D",,"Epiglottitis and cellulitis of face & neck"
"03","3F","D",,"Nasal Trauma and Deformity"
"03","3G","D",,"Other Ear, Nose, Mouth and Throat Diagnoses"
"03","3H","D",,"Dental & Oral Disorders"
"03","3PA","P","02","Major head and neck procedures"
"03","3PB","P","14","Cleft Lip and Palate Repair"
"03","3PC","P","04","Maxillo surgery"
"03","3PD","P","07","Salivary procedures"
"03","3PE","P","11","Minor nose and sinus procedures"
"03","3PG","P","20","Mouth procedures"
"03","3PH","P","15","Miscelaneous Ear, Nose, Mouth and Throat Procedures"
"03","3PJ","P","12","Rhinoplasty"
"03","3PK","P","21","Tonsillectomy &/or Adenoidectomy"
"03","3PL","P","10","Other head and neck procedures"
"03","3PM","P","23","Myringotomy w tube insertion"
"03","3PN","P","13","Pharyngeal and laryngeal procedures"
"03","3PP","P","06","Minor head and neck procedures"
"03","3PQ","P","05","Mastoidectomy & inner ear procedures"
"03","3PR","P","03","Major sinus procedures"
"03","3PS","P","22","Tympanoplasty and other ear procedures"
"03","3PT","P","01","Laryngectomy"
"04","4A","D",,"Cystic fibrosis"
"04","4B","D",,"Pulmonary embolism"
"04","4C","D",,"Respiratory infection/inflammation"
"04","4D","D",,"Sleep apnea"
"04","4E","D",,"Pulmonary edema and respiratory failure"
"04","4F","D",,"Chronic obstructive pulmonary disease"
"04","4G","D",,"Major chest trauma"
"04","4H","D",,"Respiratory signs and symptoms"
"04","4J","D",,"Pneumothorax"
"04","4K","D",,"Bronchitis and Asthma"
"04","4L","D",,"Whooping cough and acute bronchiolitis"
"04","4M","D",,"Respiratory neoplasm"
"04","4N","D",,"Pleural effusion"
"04","4P","D",,"Interstitial lung disease"
"04","4Q","D",,"Other respiratory system diagnoses"
"04","4R","D",,"Pyothorax"
"04","4PA","P","01","Major chest procedures"
"04","4PB","P","05","Other resp system procedures"
"04","4PC","P","14","Other minor resp system procedures"
"05","5A","D",,"Acute MI"
"05","5B","D",,"Infective endocarditis"
"05","5C","D",,"Heart failure and shock"
"05","5D","D",,"Venous thrombosis"
"05","5E","D",,"Skin ulcers for circulatory disorders"
"05","5F","D",,"Peripheral vascular disorders"
"05","5G","D",,"Coronary atherosclerosis"
"05","5H","D",,"Hypertension"
"05","5J","D",,"Congenital heart disease"
"05","5K","D",,"Valvular disorders"
"05","5L","D",,"Major arrhythmia and cardiac arrest"
"05","5M","D",,"Non-major arrhythmia and conduction dis"
"05","5N","D",,"Unstable angina"
"05","5P","D",,"Syncope and collapse"
"05","5Q","D",,"Chest pain"
"05","5R","D",,"Other circulatory system diagnoses"
"05","5PA","P","05","Valve replacement and open valvuloplasty"
"05","5PC","P","02","Coronary bypass"
"05","5PD","P","06","Other cardiothoracic proc"
"05","5PE","P","01","Thoracoabdominal proc combination"
"05","5PF","P","10","Major cardiovascular proc"
"05","5PG","P","13","Percutaneous cardivascular proc"
"05","5PH","P","12","Cardiac electrophysiologic proc"
"05","5PJ","P","21","Major amputation"
"05","5PK","P","20","Perm pacemaker proc comb"
"05","5PL","P","31","Minor Amputation"
"05","5PM","P","22","Automatic cardioverter proc"
"05","5PN","P","24","Pacemaker revision exc device repl"
"05","5PP","P","23","Pacemaker device replacement"
"05","5PQ","P","32","Vein ligation and stripping"
"05","5PR","P","30","Other circ system OR proc"
"05","5PS","P","14","Other vascular proc"
"05","5PT","P","25","Cardiac cath/angiography"
"05","5PU","P","11","Simple cardiothoracic proc"
"05","5PV","P","03","Multiple cardiac valve procedures (open)"
"05","5PW","P","15","Multiple wound debridement"
"05","5PX","P","04","Complex cardiothoracic procedures"
"06","6A","D",,"Digestive malignancy"
"06","6B","D",,"G.I. hemorrhage"
"06","6C","D",,"Complicated peptic ulcer"
"06","6D","D",,"Uncomplicated peptic ulcer"
"06","6E","D",,"Inflammatory bowel disease"
"06","6F","D",,"G.I. obstruction"
"06","6G","D",,"Gastroenteritis"
"06","6H","D",,"Miscellneous digestive disorders"
"06","6J","D",,"Other digestive system diagnoses"
"06","6K","D",,"Abdominal pain or mesenteric adenitis"
"06","6L","D",,"Intestinal helminthiases"
"06","6M","D",,"Oesophagitis, gastritis and dyspepsia"
"06","6PA","P","04","Rectal resection"
"06","6PB","P","05","Major small & large bowel procedure"
"06","6PC","P","13","Peritoneal adhesiolysis"
"06","6PD","P","12","Minor small & large bowel procedure"
"06","6PE","P","03","Stomach, esophagus & duodenal procedure"
"06","6PF","P","30","Anal & stomal procedure"
"06","6PG","P","21","Hernia proc, except inquinal & femoral"
"06","6PH","P","22","Inquinal & femoral hernia procedure"
"06","6PJ","P","20","Appendectomy"
"06","6PK","P","10","Other digestive system OR procedure"
"06","6PL","P","14","Pyloromyotomy procedure"
"06","6PM","P","11","Complex therapeutic gastroscopy"
"06","6PN","P","23","Other gastroscopy"
"06","6PP","P","24","Complex therapeutic colonoscopy"
"06","6PQ","P","25","Other colonoscopy"
"06","6PR","P","31","Dilation of intestine"
"06","6PS","P","01","Lap stomach, esophagus & duodenal proc"
"06","6PT","P","06","Lap peritoneal adhesiolysis"
"06","6PU","P","15","Laparoscopic appendectomy"
"06","6PV","P","02","Stomach, esophagus & duodenal resection"
"07","7A","D",,"Cirrhosis & alcoholic hepatitis"
"07","7B","D",,"Malignancy of hepatobil system or pancreas"
"07","7C","D",,"Disorders of pancreas, except malignancy"
"07","7D","D",,"Disor of liver, exc malig, cirrho, alc hep"
"07","7E","D",,"Disorder of biliary tract"
"07","7PA","P","01","Pancreas, liver resection & shunt proc"
"07","7PB","P","02","Biliary tract procedures"
"07","7PC","P","05","Opened cholecystectomy"
"07","7PD","P","06","Hepatobiliary diagnostic proc"
"07","7PE","P","07","Oth hepatobil and pancreas OR procedure"
"07","7PF","P","04","Laparoscopic cholecystectomy"
"07","7PG","P","03","Pancreas and liver proc except resection"
"07","7PH","P","10","ERCP with therapeutic procedures"
"08","8A","D",,"Fracture of femur"
"08","8B","D",,"Fracture of hip and pelvis"
"08","8C","D",,"Sprain,stain&dislocation of hip,pelvis&thigh"
"08","8D","D",,"Osteomyelitis"
"08","8E","D",,"Pathological fracture and malignancy"
"08","8F","D",,"Connective tissue disorders"
"08","8G","D",,"Septic arthritis"
"08","8H","D",,"Medical back problems"
"08","8J","D",,"Bone disease and specific arthropathies"
"08","8K","D",,"Nonspecific arthropathies"
"08","8L","D",,"Signs and symptoms of MS system & CT"
"08","8M","D",,"Tendonitis, myositis and bursitis"
"08","8N","D",,"Aftercare, MS system & CT"
"08","8P","D",,"Fx, spr, str & disloc of forearm,hand & foot"
"08","8Q","D",,"Fx, spr, str & disloc of up arm & low leg"
"08","8R","D",,"other MS system and CT diagnoses"
"08","8S","D",,"Major connective tissue dx"
"08","8PA","P","13","Total hip replacement"
"08","8PB","P","20","Knee replacement"
"08","8PC","P","21","Oth maj jt repl &limb reattach of low/up ext"
"08","8PD","P","05","Spinal fusion"
"08","8PE","P","15","Back & neck procedure except spinal fusion"
"08","8PF","P","07","Amputation for MS & CT disorders"
"08","8PG","P","22","Biopsies for MS & CT disorders"
"08","8PH","P","24","Skin graft except hand for MS&CT"
"08","8PJ","P","23","Hip & femur procedures except replacement"
"08","8PK","P","25","Knee procedures except replacement"
"08","8PL","P","33","Shoulder,elbow& forearm proc exc replacement"
"08","8PM","P","34","Humerus,tibia,fibula& ankle proc exc replace"
"08","8PN","P","44","Wrist & hand procedure except replacement"
"08","8PP","P","42","Foot procedures"
"08","8PQ","P","41","Loc exc& remov of int fix dev of hip& femur"
"08","8PR","P","43","Loc exc& remov of int fix dev exc hip& femur"
"08","8PS","P","40","Soft tissue procedures"
"08","8PT","P","32","Arthroscopy"
"08","8PU","P","30","Other MS & CT OR Procedures"
"08","8PV","P","14","Partial hip replacement"
"08","8PW","P","06","Total hip revision"
"08","8PX","P","11","Total knee revision"
"08","8PY","P","12","Partial knee revision"
"08","8PZ","P","10","Partial hip revision"
"08","8QA","P","31","Wound debridement for MS&CT"
"08","8QB","P","04","Multiple (2-4) wound debridement for MS&CT"
"08","8QC","P","35","Reattachment of finger"
"08","8QD","P","03","Multiple major joint proc of lower ext"
"08","8QE","P","01","Therapeu plasmapheresis"
"08","8QF","P","02","Multiple (> 4) wound debridement for MS&CT"
"09","9A","D",,"Skin Ulcer"
"09","9B","D",,"Severe Skin Disorder"
"09","9C","D",,"Moderate Skin Disorder"
"09","9D","D",,"Minor Skin Disorder"
"09","9E","D",,"Malignant Breast Disorder"
"09","9F","D",,"Non-malignant Breast Disorder"
"09","9G","D",,"Cellulitis"
"09","9H","D",,"Trauma to Skin, Subcut Tissue & Breast"
"09","9PA","P","03","Total Mastectomy"
"09","9PB","P","06","Subtotal Mastectomy"
"09","9PC","P","07","Breast Biopsy & Local Excision"
"09","9PD","P","02","Skin Graft &/or Debridement"
"09","9PE","P","13","Perianal & Pilonidal Procedures"
"09","9PF","P","04","Skin, Subcut Tissue & Breast Plastic Proc"
"09","9PG","P","11","Other Skin, Subcut Tissue & Breast Plastic Non-OR Proc"
"09","9PH","P","12","Other Skin, Subcut Tissue & Breast Plastic OR Proc"
"09","9PJ","P","01","Pedicle graft procedures"
"10","10A","D",,"Diabetes with complications"
"10","10B","D",,"Severe metabolic disorders"
"10","10C","D",,"Nutritional & miscellaneous metabolic disorders"
"10","10D","D",,"Inborn errors of metabolism"
"10","10E","D",,"Endocrine disorders"
"10","10F","D",,"Diabetes without complications"
"10","10PA","P","04","Adrenal procedures"
"10","10PB","P","01","Piutitary procedures"
"10","10PC","P","02","Amputation of Lower Limb for Endocrine, Nutrition"
"10","10PD","P","06","Skin Grafts"
"10","10PE","P","03","Procedures for Obesity"
"10","10PF","P","05","Parathyroid procedures"
"10","10PG","P","07","Thyroid procedures"
"10","10PH","P","09","Thyroglossal procedures"
"10","10PJ","P","08","Other Endocrine, Nutrition and Metabolic procedures"
"11","11A","D",,"Chronic renal failure"
"11","11B","D",,"Admit for renal dialysis"
"11","11C","D",,"Kidney and urinary tract neoplasm"
"11","11D","D",,"Kidney and urinary tract infection"
"11","11E","D",,"Urinary stone"
"11","11F","D",,"Kidney and urinary tract signs & symptoms"
"11","11G","D",,"Urethral stricture"
"11","11H","D",,"Other kidney and urinary tract diagnoses"
"11","11J","D",,"Acute renal failure"
"11","11K","D",,"Major kidney Dx"
"11","11PA","P","01","Kidney transplant"
"11","11PB","P","04","Opera insertion peritoneal cath for dialysis"
"11","11PC","P","03","Kidney, ureter and maj bladder proc"
"11","11PD","P","05","Transurethral prostatectomy"
"11","11PE","P","15","Minor bladder procedure"
"11","11PF","P","11","Transurethral proc, exc prostatectomy"
"11","11PG","P","14","Urethral procedure"
"11","11PH","P","10","Other kidney & urinary tract OR proc"
"11","11PJ","P","12","Ureteroscopy"
"11","11PK","P","13","Cystourethroscopy"
"11","11PL","P","02","Therapeu plasmapheresis"
"12","12A","D",,"Malignancy, male reproductive system"
"12","12B","D",,"Benign prostatic hypertrophy"
"12","12C","D",,"Inflammation of the male reproductive system"
"12","12D","D",,"Sterilization, male"
"12","12E","D",,"Other male reproductive system diagnoses"
"12","12PA","P","01","Major male pelvic procedures"
"12","12PB","P","02","Transurethral prostatectomy"
"12","12PC","P","05","Testis procedure"
"12","12PD","P","03","Penis procedure"
"12","12PE","P","07","Circumcision"
"12","12PF","P","04","Other male reproductive system OR procedures"
"12","12PG","P","06","Cystourethroscopy"
"13","13A","D",,"Non ovarian/adnexal malignancy"
"13","13B","D",,"Non ovarian/adnexal CA in situ"
"13","13C","D",,"Ovarian/adnexal malignancy"
"13","13D","D",,"Female lower genitourinary tract infection"
"13","13E","D",,"Female pelvic infection"
"13","13F","D",,"Menstrual & other female reproductive system disorders"
"13","13PA","P","02","Radical hysterect & radical vulvectomy"
"13","13PB","P","04","Uterine & adnexal procedures"
"13","13PC","P","10","Female reproductive system reconstructive proc"
"13","13PD","P","12","Vaginal, cervix & vulva procedures"
"13","13PE","P","13","Incisional tubal interruption"
"13","13PF","P","11","Endoscopic tubal interruption"
"13","13PG","P","14","D & C and other uterine proc"
"13","13PH","P","05","Other female reproductive system OR procedures"
"13","13PJ","P","01","Pelvic evisceration"
"13","13PK","P","03","Lap uterine and adnexal procedures"
"14","14A","D",,"Labour and Delivery"
"14","14B","D",,"Pregnancy with complication"
"14","14C","D",,"Postpartum/Post Abortion/Delivery"
"14","14D","D",,"Postpartum/Post Abortion Condition"
"14","14E","D",,"Antenatal condition"
"14","14F","D",,"Ectopic Pregnancy"
"14","14G","D",,"Threatened abortion"
"14","14H","D",,"Abortion"
"14","14J","D",,"False labour"
"14","14K","D",,"Complicated abortion"
"14","14L","D",,"Molar pregnancy"
"16","16A","D",,"Red blood cell disorders"
"16","16B","D",,"Coagulation Disorders"
"16","16C","D",,"Reticuloendothelial and immunity disorders"
"16","16PA","P","01","Splenectomy"
"16","16PB","P","02","Major OR proc for blood and blood forming organ except splenectomy"
"16","16PC","P","03","Minor OR proc for blood and blood forming organ except splenectomy"
"17","17A","D",,"Acute leukemia"
"17","17B","D",,"Lymphoma & Non-acute Leukemia"
"17","17C","D",,"Other neoplastic disorders"
"17","17PA","P","01","Major OR Proc for Neoplastic Disorders"
"18","18A","D",,"Septicemia"
"18","18B","D",,"Postoperative & Post-traumatic Infections"
"18","18C","D",,"Malaria"
"18","18D","D",,"Dengue"
"18","18E","D",,"Fever of Unknown Origin"
"18","18F","D",,"Viral Illness except Dengue"
"18","18G","D",,"Fungal Diseases"
"18","18H","D",,"Other Infectious and Parasitic Diseases"
"18","18J","D",,"Melioidosis"
"18","18K","D",,"Leptospirosis"
"19","19A","D",,"Acute Psychotic Disorders"
"19","19B","D",,"Chronic Psychotic Disorders"
"19","19C","D",,"Major Affective Disorders"
"19","19D","D",,"Other Affect and Somatoform Disorders"
"19","19E","D",,"Acute Reaction and Psychosocial Dysfunction"
"19","19F","D",,"Anxiety Disorders"
"19","19G","D",,"Eating and Obscessive compulsive Disorders"
"19","19H","D",,"Personality and Impulse Control Disorders"
"19","19J","D",,"Childhood Mental Disorders"
"19","19K","D",,"Organic disturbance and Mental Retardation"
"19","19L","D",,"Other Mental Disorders"
"19","19M","D",,"Sexual Dysfunction"
"20","20A","D",,"Alcohol Intoxication and Withdrawal"
"20","20B","D",,"Drug Use Disorders and Withdrawal"
"20","20C","D",,"Alcohol Use Disorders and Dependence"
"20","20D","D",,"Opioid Use Disorders and Dependence"
"20","20E","D",,"Psychostimulant Use Disorders and Dependence"
"20","20F","D",,"Other Drug Use Disorders and Intoxication"
"21","21PF","P","01","Multiple wound debridement"
"21","21A","D",,"Traumatic injury"
"21","21B","D",,"Allergic reactions"
"21","21C","D",,"Poisoning and toxic effects of drugs"
"21","21D","D",,"Complications of treatment"
"21","21E","D",,"Other injury, poisoning & toxic effect diag"
"21","21PA","P","06","Wound debridements for injuries"
"21","21PB","P","02","Skin grafts for injuries"
"21","21PC","P","05","Hand procedures for injuries"
"21","21PD","P","04","Other OR procedures for injuries"
"21","21PE","P","03","Proc comb in other OR procedures for injury"
"22","22A","D",,"Extensive 3rd degree burns"
"22","22B","D",,"Full thickness burns"
"22","22C","D",,"Non-extensive burns"
"22","22PA","P","01","Skin graft for burns"
"23","23A","D",,"Rehabilitation"
"23","23B","D",,"Signs, Symptoms and Other Abnormal Findings"
"23","23C","D",,"Aftercare"
"23","23D","D",,"Other Factors Influenzing Health Status"
"25","25A","D",,"HIV Diseases"
"00","0PA","P","01","Liver transplant"
"00","0PB","P","02","Heart and/or lung transplant"
"00","0PD","P","04","Bone marrow transplant"
"28","28PB","P","02","KUB ESWL"
"28","28PC","P","04","Cardiac cath & CAG"
"28","28PD","P","06","Cataract Proc"
"28","28PE","P","08","Radio-implant"
"28","28PF","P","10","Dialysis AV shunt"
"28","28PG","P","12","Closed red int fix"
"28","28PH","P","14","Hernia repair"
"28","28PJ","P","16","Hydrocelectomy"
"28","28PK","P","20","Cystoscopy"
"28","28PL","P","22","Mouth &Tongue proc"
"28","28PM","P","24","Tendon proc"
"28","28PN","P","26","Esophageal proc"
"28","28PP","P","28","Circum & oth penile proc"
"28","28PQ","P","30","Plastc skin proc"
"28","28PR","P","32","Remove implant"
"28","28PS","P","34","Dilation and curettage"
"28","28PT","P","36","Breast procedures"
"28","28PU","P","38","Female sterilization"
"28","28PV","P","40","Colonoscopy"
"28","28PW","P","42","Amputation"
"28","28PX","P","44","Ear, Nose Pharynx proc"
"28","28PY","P","46","Debride open fracture"
"28","28PZ","P","48","Gastroscopy"
"28","28QA","P","50","Skin & nail proc"
"28","28QB","P","52","Cervical proc"
"28","28QC","P","54","Hemodialysis"
"28","28QD","P","56","Other eye proc"
"28","28QE","P","58","Carpal tunnel release"
"28","28QF","P","60","Closed reduc disloc"
"28","28QG","P","62","Closed fx reduct"
"28","28QH","P","64","Vulvar & vaginal proc"
"28","28QJ","P","66","Bartholin gl proc"
"28","28QK","P","68","Urethral proc"
"04","4PD","P","10","Ventilator support"
"04","4PE","P","12","Noninvasive mech ventilation"
