phl_icd10,tdrg_icd10
A099,A099
J1892,J189
A419,A419
P593,P593
N390,N390
J069,J069
P369,P369
E871,E871
K291,K291
J4590,J459
H811,H811
O233,O233
J1893,J189
O100,O100
I109,I10
Q245,Q245
G409,G409
N185,N185
O420,O420
R570,R570
E119,E119
E876,E876
B349,B349
I635,I635
P599,P599
B052J171,B052
T520,T520
P240,P240
N189,N189
I639,I639
A061,A061
J1899Y95,J189
M328,M328
O039,O039
I101,I10
E145,E145
A010,A010
P0000,P000
C780,C780
K219,K219
L031,L031
M1000,M1000
D591,D591
K30,K30
N800,N800
G549,G549
J441,J441
N739,N739
O13,O13
J960,J960
I64,I64
P011,P011
A691,A691
I214,I214
J969,J969
J068,J068
B829,B829
R560,R560
J209,J209
A084,A084
J173,J173
B059,B059
O149,O149
N000,N000
E861,E86
A068,A068
G401,G401
D690,D690
K760,K760
P071,P071
T008,T008
J039,J039
P393,P393
E878,E878
R568,R568
P249,P249
A411,A411
O730,O730
G439,G439
Z390,Z390
J709,J709
D649,D649
A162,A162
N492,N492
M629,M629
O234,O234
C349,C349
K769,K769
C782,C782
J050,J050
J988,J988
G459,G459
N179,N179
K579,K579
D638,D638
K801,K801
I119,I119
K279,K279
D758,D758
J36,J36
A079,A079
J1562,J156
J40,J40
J111,J111
C795,C795
F329,F329
E116,E116
A060,A060
N200,N200
P968,P968
C539,C539
P034,P034
P551,P551
P025,P025
P239,P239
P038,P038
P081,P081
P035,P035
P051,P051
I499,I499
I500,I500
P38,P38
J90,J90
N40,N40
I200,I200
S013,S013
I219,I219
K566,K566
B09,B09
T784,T784
G431,G431
I209,I209
B169,B169
A168,A168
I619,I619
K85,K859
I613,I613
P760,P760
M4806,M4806
K250,K250
N319,N319
D390,D390
C56,C56
D680,D680
C910,C910
T009,T009
M819,M819
B058,B058
M5338,M533
N10,N10
K802,K802
J22,J22
M430,M430
C509,C509
I638,I638
J683,J683
H669,H669
L032,L032
R571,R571
O995,O995
K297,K297
A090,A090
F315,F315
A150,A150
K299,K299
S099,S099
L030,L030
I633,I633
C218,C218
C189,C189
M159,M159
I495,I495
O200,O200
G723,G723
G931,G931
D259,D259
N309,N309
E111,E111
A167,A167
O230,O230
G008,G008
I259,I259
C411,C411
P0001,P000
M1009,M1009
Q793,Q793
A418,A418
K274,K274
N939,N939
N300,N300
O720,O720
S2280,S2280
K746,K746
I678,I678
K811,K811
K818,K818
S913,S913
F064,F064
B019,B019
M6285,M6285
L022,L022
S0600,S0600
D508,D508
K290,K290
I110,I110
K276,K276
L038,L038
F100,F100
O722,O722
T941,T941
J440,J440
T887,T887
P221,P221
I099,I099
A169,A169
I674,I674
J038,J038
R509,R509
O901,O901
N005,N005
K810,K810
P209,P209
N19,N19
J449,J449
E146,E146
G629,G629
E136,E136
A161,A161
K259,K259
J91,J91
N009,N009
J448,J448
P210,P210
N136,N136
O721,O721
Q513,Q513
S390,S390
G542,G542
K560,K560
T202,T202
G935,G935
D500,D500
M1099,M1099
K270,K270
K859,K859
O034,O034
J4500,J450
P000,P000
O996,O996
K257,K257
E059,E059
E107,E107
E162,E162
A911,A911
K567,K567
J853,J853
I518,I518
C220,C220
N938,N938
J989,J989
S810,S810
C329,C329
N110,N110
C259,C259
I255,I255
J1592,J159
N111,N111
I48,I48
J668,J668
T782,T782
J679,J679
N139,N139
J1802,J180
A011,A011
O990,O990
T758,T758
A192,A192
M0690,M0690
K301,K30
E115,E115
A159,A159
P012,P012
D539,D539
D569,D569
L039,L039
L033,L033
I809,I809
I38,I38
G308,G308
F99,F99
C819,C819
N002,N002
N178,N178
P004,P004
J132,J13
P017,P017
M866,M866
K273,K273
E117,E117
I270,I270
H814,H814
J81,J81
R579,R579
P128,P128
P030,P030
N049,N049
J849,J849
P700,P700
M0097,M0097
P028,P028
P598,P598
O471,O471
D693,D693
G933,G933
D619,D619
E147,E147
T793,T793
Q213,Q213
J060,J060
I610,I610
A888,A888
J1812,J181
P001,P001
G441,G441
K564,K564
P073,P073
E055,E055
B909,B909
J391,J391
B159,B159
N258,N258
I802,I802
S0650,S0650
Q359,Q359
G402,G402
S0630,S0630
G312,G312
J680,J680
A014,A014
A499,A499
T781,T781
G419,G419
I850,I850
S0610,S0610
A408,A408
I509,I509
M1999,M1999
O069,O069
J80,J80
A86,A86
S020,S020
N459,N459
P219,P219
I269,I269
P358,P358
P394,P394
T002,T002
S0201,S0201
S0660,S0660
D370,D370
K251,K251
S0280,S0280
E050,E050
Q249,Q249
E662,E662
T629,T629
P002,P002
I880,I880
I694,I694
I634,I634
T630,T630
D65,D65
S0240,S0240
S0620,S0620
I251,I251
I471,I471
D62,D62
I618,I618
D509,D509
S0640,S0640
O141,O141
K565,K565
P914,P914
N059,N059
M868,M868
N12,N12
O440,O440
E880,E880
E105,E105
J950,J950
I693,I693
K729,K729
J690,J690
S0680,S0680
O11,O11
O600,O600
G049,G049
H813,H813
K766,K766
S019,S019
J101,J101
M303,M303
A182,A182
O244,O244
A165,A165
S2240,S2240
I616,I616
K831,K831
G009,G009
J439,J439
J981,J981
T930,T930
M545,M545
R51,R51
A492,A492
I211,I211
N859,N859
T310,T310
I501,I501
C787,C787
E141,E141
J708,J708
G20,G20
N719,N719
P704,P704
S0210,S0210
D489,D489
T242,T242
C221,C221
O470,O470
D66,D66
O429,O429
K319,K319
L020,L020
Q210,Q210
S018,S018
Z380,Z380
K800,K800
E875,E875
P003,P003
P134,P134
P039,P039
G060,G060
P783,P783
N289,N289
N832,N832
A010J170,A010
J118,J118
G910,G910
P831,P831
M6269,M6269
P399,P399
J110,J110
P922,P922
G809,G809
M359,M359
G430,G430
S0290,S0290
D45,D45
O998,O998
S619,S619
M5416,M5416
A38,A38
K599,K599
D469,D469
C80,C80
F488,F488
D630,D630
B199,B199
A379,A379
P008,P008
C793,C793
D434,D434
M940,M940
P026,P026
E43,E43
P033,P033
N922,N922
L028,L028
N308,N308
A062,A062
E441,E441
K112,K112
O210,O210
I672,I672
I258,I258
G952,G952
M353,M353
P201,P201
A160,A160
K851,K851
M329,M329
G934,G934
O152,O152
M0697,M0697
I341,I341
D251,D251
K659,K659
T789,T789
M705,M705
J1542,J154
C786,C786
A403,A403
J46,J46
K500,K500
G900,G900
K633,K633
O994,O994
E889,E889
I221,I221
N302,N302
P391,P391
T141,T141
K210,K210
J704,J704
O985,O985
M1390,M1390
N132,N132
K709,K709
O988,O988
C64,C64
I260,I260
K639,K639
I129,I129
N920,N920
M0699,M0699
B949,B949
J961,J961
T001,T001
S098,S098
O800,O800
A509,A509
E108,E108
G400,G400
P009,P009
O239,O239
K631,K631
K137,K137
K590,K590
L024,L024
I808,I808
J459,J459
O211,O211
O064,O064
A913,A91
M543,M543
E46,E46
E039,E039
T602,T602
I620,I620
G510,G510
I630,I630
S050,S050
T813,T813
N946,N946
M6260,M6260
K750,K750
K311,K311
K804,K804
C269,C269
P050,P050
C58,C58
T751,T751
C029,C029
T857,T857
N930,N930
O479,O479
K318,K318
D550,D550
J939,J939
R42,R42
J133,J13
S0690,S0690
M7920,M7920
G448,G448
D691,D691
M1988,M1988
O038,O038
L139,L139
C182,C182
D486,D486
E109,E109
D599,D599
F322,F322
M478,M478
E110,E110
P220,P220
K758,K758
K122,K122
E230,E230
H650,H650
C73,C73
E788,E788
M7999,M7999
B206,B206
E160,E160
S834,S834
K113,K113
N172,N172
M461,M461
I710,I710
S0691,S0691
I609,I609
D329,D329
I490,I490
J984,J984
J100,J100
I350,I350
T814,T814
K118,K118
D618,D618
O861,O861
F203,F203
F312,F312
D561,D561
A078,A078
T798,T798
J684,J684
C920,C920
F155,F155
F200,F200
F068,F068
F781,F781
F29,F29
C20,C20
A89,A89
F798,F798
C187,C187
D377,D377
Z0011,Z001
D180,D180
T311,T311
K512,K512
P082,P082
C760,C760
G912,G912
M7980,M7980
M869,M869
K254,K254
K519,K519
Q436,Q436
O365,O365
P701,P701
N138,N138
K904,K904
C419,C419
K572,K572
K650,K650
G932,G932
I498,I498
P211,P211
M4722,M4722
T312,T312
J1513,J151
E870,E870
G930,G930
Z01201,Z012
T318,T318
C253,C253
G403,G403
E872,E872
B348,B348
C160,C160
P590,P590
A279,A279
I248,I248
M4781,M4781
H601,H601
B341,B341
D70,D70
M319,M319
I210,I210
P241,P241
M1900,M190
T932,T932
P361,P361
J390,J390
A415,A415
J1823,J182
M300,M300
I420,I420
G122,G122
E45,E45
J1292,J129
K047,K047
D480,D480
S010,S010
C921,C921
G410,G410
M1902,M1902
B069,B069
N040,N040
M1380,M1380
G473,G473
K529,K529
P838,P838
A049,A049
S0621,S0621
N048,N048
I359,I359
K520,K520
A199,A199
K721,K721
K704,K704
J030,J030
S0260,S0260
D802,D802
M0691,M0691
M6266,M6266
P027,P027
P60,P60
M6263,M6263
H700,H700
G442,G442
N209,N209
C119,C119
L021,L021
N281,N281
T600,T600
N039,N039
I311,I311
J852,J852
K280,K280
D381,D381
D728,D728
K768,K768
I152,I152
M754,M754
D698,D698
J108,J108
I212,I212
M4796,M4796
M4317,M4317
J189,J189
T243,T243
P129,P129
P721,P721
G938,G938
J387,J387
J1803,J180
O059,O059
M1090,M1090
C169,C169
E101,E101
I249,I249
D383,D383
C229,C229
L029,L029
D376,D376
T292,T292
D375,D375
D250,D250
O85,O85
I493,I493
T000,T000
M948,M948
C833,C833
J1593,J159
S437,S437
E440,E440
O992,O992
C541,C541
H830,H830
S819,S819
D568,D568
D473,D473
C790,C790
T754,T754
N133,N133
J633,J633
I429,I429
T232,T232
G042,G042
J929,J929
S818,S818
I671,I671
E780,E780
M6261,M6261
M1990,M199
R578,R578
I719,I719
G610,G610
D386,D386
E112N083,E112
I00,I00
M1996,M199
C159,C159
A071,A071
O019,O019
K739,K739
E569,E569
E142N083,E142
K868,K868
D589,D589
T512,T512
M150,M150
A099E861,A099
I240,I240
D129,D129
T549,T549
L511,L511
C19,C19
Q246,Q246
C169M8010/3,C169
I679G468,I679
L023,L023
C61,C61
K296,K296
I629,I629
G500,G500
D432,D432
I639G467,I639
E784,E784
P120,P120
G92,G92
Q250,Q250
K575,K575
T291,T291
A920,A920
O441,O441
G309F009,G309
T780,T780
T300,T300
I5000,I500
O751,O751
S015,S015
T519,T519
D414,D414
K712,K712
H46,H46
Z370,Z370
K580,K580
J4510,J451
P019,P019
H709,H709
C900,C900
J1522,J152
K253,K253
S003,S003
O009,O009
P392,P392
F431,F431
F453,F453
F430,F430
K598,K598
H810,H810
A064K770,A064
T006,T006
I256,I256
H050,H050
A064,A064
C500,C500
T910,T910
I691,I691
E222,E222
P080,P080
T492,T492
I636,I636
D735,D735
J1503,J150
N028,N028
I250,I250
T210,T210
S012,S012
C919,C919
A063,A063
E140,E140
I279,I279
M750,M750
N803,N803
H409,H409
P229,P229
D482,D482
C679,C679
P929,P929
S731,S731
K761,K761
I829,I829
N410,N410
S0200,S0200
M1911,M1911
G048,G048
D374,D374
G939,G939
P293,P293
H812,H812
N838,N838
J1523,J152
C763,C763
A490,A490
M436,M436
N151,N151
C761,C761
N288,N288
O054,O054
C499,C499
T812,T812
D751,D751
K509,K509
Q049,Q049
D487,D487
A719,A719
J399,J399
K821,K821
Q780,Q780
P015,P015
P761,P761
P612,P612
Q336,Q336
P916,P916
C959,C959
I514,I514
Q917,Q917
K632,K632
G379,G379
F193,F193
H664,H664
O989,O989
M0029,M0029
C950,C950
I611,I611
P031,P031
K805,K805
I201,I201
T671,T671
G913,G913
D134,D134
M512,M512
J841,J841
C400,C400
M320,M320
I442,I442
Z354,Z354
O364,O364
K284,K284
P589,P589
T039,T039
N419,N419
P592,P592
J682,J682
E060,E060
A183,A183
O020,O020
N170,N170
G453,G453
E106,E106
E135,E135
S340,S340
T810,T810
H699,H699
I698,I698
P291,P291
T212,T212
T911,T911
Q998,Q998
G039,G039
M1997,M1997
N944,N944
E631,E631
R02,R02
T003,T003
K638,K638
M1309,M1309
P285,P285
M2509,M2509
B182,B182
K828,K828
M431,M431
M5499,M5499
I459,I459
M352,M352
D332,D332
I159,I159
F209,F209
O422,O422
M0695,M0695
T931,T931
P368,P368
K264,K264
M1097,M1097
Z356,Z356
D648,D648
M1396,M1396
K808,K808
O212,O212
M0696,M0696
H660,H660
J848,J848
O862,O862
A819,A819
T560,T560
G951,G951
S0601,S0601
O981,O981
C163,C163
D400,D400
M0096,M0096
M5419,M5419
T783,T783
A052,A052
E41,E41
M6002,M6002
A858,A858
O758,O758
K292,K292
J4580,J458
M0609,M0609
H603,H603
O051,O051
B659,B659
M511,M511
O991,O991
A153,A153
K224,K224
P072,P072
A94,A94
G300,G300
S618,S618
P029,P029
R54,R54
C811,C811
S224,S224
P398,P398
N61,N61
O021,O021
J851,J851
L00,L00
T656,T656
A080,A080
N709,N709
C753,C753
F151,F151
K573,K573
E559,E559
C241,C241
M6289,M6289
F432,F432
I871,I871
D481,D481
A541,A541
D392,D392
I213,I213
A029,A029
C492,C492
C519,C519
D391,D391
Z0142C,Z014
C52,C52
N482,N482
J392,J392
F323,F323
F195,F195
C410,C410
J1512,J151
G418,G418
G700,G700
I602,I602
F208,F208
M502,M502
A039,A039
K703,K703
N499,N499
K658,K658
Q000,Q000
A152,A152
S009,S009
C139,C139
C089,C089
F339,F339
K228,K228
I744,I744
S934,S934
M332,M332
Q211,Q211
I612,I612
P292,P292
Q318,Q318
I632,I632
D34,D34
D410,D410
E131,E131
I241,I241
N131,N131
A879,A879
D361,D361
Q279,Q279
O717,O717
A157,A157
N142,N142
K119,K119
E100,E100
B052J17,B052
G618,G618
I679G467,I679
I652,I652
C692,C692
B178,B178
P018,P018
S917,S917
K522,K522
A90,A90
F59,F59
M6299,M6299
M5449,M5449
E890,E890
I472,I472
G35,G35
N730,N730
K830,K830
C859,C859
M6268,M6268
O219,O219
D560,D560
J09,J09
G259,G259
M609,M609
J948,J948
T302,T302
S2200,S2200
M5439,M5439
J698,J698
C851,C851
M0090,M0090
G08,G08
C227,C227
K571,K571
M659,M659
J941,J941
S140,S140
M4306,M4306
K090,K090
S0220,S0220
C719,C719
D610,D610
N038,N038
S0631,S0631
S021,S021
P740,P740
J931,J931
K511,K511
K295,K295
K578,K578
C069,C069
Q423,Q423
D101,D101
N032,N032
D471,D471
P613,P613
I120,I120
M1995,M1995
M6265,M6265
K838,K838
L721,L721
S007,S007
A829,A829
Q552,Q552
M8198,M8198
E835,E835
J678,J678
C482,C482
O008,O008
A910,A910
Q909,Q909
L512,L512
F109,F109
J688,J688
E063,E063
K049,K049
M544,M544
E052,E052
I059,I059
O235,O235
G040,G040
O16,O16
S011,S011
P007,P007
K759,K759
I469,I469
M5412,M5412
F531,F531
P550,P550
S911,S911
O864,O864
P352,P352
T900,T900
K752,K752
D401,D401
F232,F232
T603,T603
S008,S008
M469,M469
M4720,M4720
I608,I608
K285,K285
Q010,Q010
K222,K222
A163,A163
K711,K711
M898,M898
O268,O268
F539,F539
I491,I491
E862,E86
N019,N019
S001,S001
T601,T601
G450,G450
M1049,M1049
M4726,M4726
O809Z370,O809
M8666,M8666
S040,S040
G253,G253
S910,S910
M7918,M7918
S610,S610
N394,N394
Q212,Q212
A410,A410
E130,E130
M894,M894
K824,K824
O980,O980
E161,E161
O218,O218
O341,O341
M1001,M1001
S637,S637
J1543,J154
I800,I800
D67,D67
F191,F191
G609,G609
I220,I220
N926,N926
I614,I614
T827,T827
M5410,M5410
D177,D177
K098,K098
K913,K913
G301,G301
S223,S223
I158,I158
B012J171,B012
O269,O269
T938,T938
N201,N201
N738,N738
P921,P921
J938,J938
Z349,Z349
K286,K286
A09,A09
Q209,Q209
P360,P360
J200,J200
M5417,M5417
E539,E539
M1306,M1306
K260,K260
G729,G729
A371,A371
C629,C629
O010,O010
Q273,Q273
G918,G918
H441,H441
S434,S434
M4782,M4782
Q897,Q897
M1092,M1092
J638,J638
P910,P910
M513,M513
K767,K767
P243,P243
N47,N47
E232,E232
C099,C099
M7919,M7919
M1040,M1040
E274,E274
I600,I600
S097,S097
A022J170,A022
S017,S017
T509,T509
I278,I278
P353,P353
T940,T940
C798,C798
K289,K289
M1399,M1399
G405,G405
M508,M508
I228,I228
N118,N118
T252,T252
S960,S960
O860,O860
E831,E831
S2241,S2241
P006,P006
A690,A690
N202,N202
C399,C399
T658,T658
O997,O997
P020,P020
M758,M758
C340,C340
K918,K918
D330,D330
M100,M100
I615,I615
Q039,Q039
S869,S869
D420,D420
M6009,M6009
Z0143C,Z014
Z0132B,Z013
N481,N481
G373,G373
K315,K315
I426,I426
G038,G038
A35,A35
D441,D441
C716,C716
G911,G911
B181,B181
E806,E806
Z01202,Z012
B188,B188
M600,M600
M1006,M1006
T536,T536
I470,I470
K221,K221
I229,I229
E748,E748
E272,E272
K861,K861
T921,T921
G433,G433
T383,T383
O48,O48
P228,P228
A083,A083
M1908,M1908
T599,T599
M490,M490
S0681,S0681
H819,H819
M779,M779
N130,N130
S2290,S2290
P720,P720
C210,C210
S005,S005
S430,S430
S2230,S2230
S0270,S0270
N809,N809
M860,M860
I071,I071
K743,K743
C07,C07
O828Z370,O828
F102,F102
Q619,Q619
E874,E874
K630,K630
Z01203,Z012
C23,C23
S000,S000
T639,T639
T912,T912
Q892,Q892
M7987,M7987
C911,C911
N428,N428
B658,B658
M5452,M545
E02,E02
P710,P710
K720,K720
G948,G948
T909,T909
O410,O410
K272,K272
C762,C762
C250,C250
I272,I272
P070,P070
D352,D352
A020,A020
A069,A069
G404,G404
I051,I051
S064,S064
H052,H052
K660,K660
I139,I139
A158,A158
K909,K909
B509,B509
E781,E781
M6267,M6267
B779,B779
M4342,M434
T622,T622
D430,D430
I898,I898
M4786,M4786
D684,D684
T634,T634
D27,D27
L130,L130
G372,G372
N030,N030
E798,E798
T245,T245
I208,I208
F03,F03
O140,O140
J1533,J153
N450,N450
O993,O993
J1899Y9,J189
C720,C720
O001,O001
S0641,S0641
K271,K271
Q018,Q018
G058,G058
F239,F239
D611,D611
T920,T920
E786,E786
F233,F233
C718,C718
T928,T928
Q444,Q444
C785,C785
G243,G243
M480,M480
D339,D339
N831,N831
M7900,M7900
D849,D849
O109,O109
T913,T913
N921,N921
B068J171,B068
K700,K700
B948,B948
I443,I443
I098,I098
T908,T908
B652,B652
I238,I238
M0649,M0649
B180,B180
E42,E42
H402,H402
N004,N004
P363,P363
S519,S519
G800,G800
O300,O300
I740,I740
M45,M45
F449,F449
M518,M518
P810,P810
N940,N940
K115,K115
H818,H818
P013,P013
T313,T313
J208,J208
G834,G834
K256,K256
K046,K046
K803,K803
J869,J869
T203,T203
E250,E250
P53,P53
S0670,S0670
Q201,Q201
M729,M729
M8662,M8662
C779,C779
M2508,M2508
D689,D689
M7991,M7991
G98,G98
M0698,M0698
M1003,M1003
O060,O060
M0099,M0099
M725,M725
B653,B653
L120,L120
S836,S836
S16,S16
M1998,M1998
G801,G801
M179,M179
P279,P279
O419,O419
K255,K255
I052,I052
K252,K252
Q282,Q282
J1822,J182
T650,T650
M8705,M8705
G438,G438
M861,M861
Q431,Q431
P370,P370
A270,A270
P036,P036
O418,O418
M708,M708
M818,M818
N393,N393
P614,P614
O986,O986
A370,A370
O348,O348
T424,T424
D397,D397
O912,O912
G710,G710
M310,M310
C711,C711
D175,D175
F451,F451
A548,A548
N429,N429
C409,C409
N001,N001
N003,N003
Q059,Q059
J1899,J189
O249,O249
E102N083,E102
F341,F341
C240,C240
P519,P519
D131,D131
J1293,J129
M0809,M0809
O909,O909
K764,K764
T901,T901
T542,T542
F019,F019
M1098,M1098
P112,P112
D281,D281
M4795,M4795
M1030,M1030
P969,P969
S467,S467
J1563,J156
M761,M761
M4386,M4386
F320,F320
J980,J980
P588,P588
M7929,M7929
J1572,J157
A400,A400
D640,D640
C030,C030
O421,O421
M7909,M7909
K563,K563
D333,D333
M0829,M0829
C496,C496
C402,C402
C773,C773
C414,C414
C764,C764
C341,C341
I340,I340
G709,G709
S0661,S0661
K114,K114
O809,O809
O058,O058
K834,K834
H653,H653
G440,G440
K915,K915
F459,F459
A154,A154
I00J178,I00
T590,T590
M5436,M5436
E125,E125
O984,O984
J689,J689
Z352,Z352
Q442,Q442
P251,P251
G808,G808
F103,F103
I677,I677
B201,B201
Q764,Q764
M1391,M1391
C111,C111
I081,I081
M6099,M6099
I080,I080
O150,O150
A060E861,A060
C788,C788
D252,D252
S435,S435
Q871,Q871
M5450,M5450
K561,K561
N508,N508
M311,M311
Q610,Q610
I050,I050
F018,F018
A156,A156
O719,O719
S669,S669
M0636,M0636
S0261,S0261
I81,I81
S868,S868
H431,H431
O830,O830
J985,J985
J8192,J81
C01,C01
I676,I676
I422,I422
E888,E888
D136,D136
K20,K20
J930,J930
O208,O208
P819,P819
J051,J051
T234,T234
C749,C749
T55,T55
O756,O756
O689,O689
O678,O678
O718,O718
O085,O085
N180,N180
O759,O759
T795,T795
O713,O713
B24,B24
Z491,Z491
Z301,Z301
J329,J329
E142,E142
N083,N083
E789,E789
M1039,M1039
O821,O821
O688,O688
I512,I512
M8500/3,M8500
Z511,Z511
O601,O601
O848,O848
Z372,Z372
O321,O321
K603,K603
M8312/3,M8312
O691,O691
Z302,Z302
B052,B052
J171,J171
K350,K350
K358,K358
B07,B07
O820,O820
L6001,L600
N840,N840
Z392,Z392
M8140/0,M8140
M321,M321
N085,N085
M8010/3,M8010
Q386,Q386
O332,O332
O654,O654
O343,O343
O339,O339
K409,K409
E860,E86
K403,K403
B968,B968
M9591/3,M959
B778,B778
G50,G509
R100,R100
E112,E112
J942,J942
L728,L728
S969,S969
Z300,Z300
I842,I842
Z418,Z418
M8142/3,M8142
K515,K515
K449,K449
K298,K298
M8000/3,M8000
R221,R221
H270,H270
H348,H348
E143,E143
H3601,H3601
H1781,H178
H2520,H252
S053,S053
H334,H334
H2521,H252
S418,S418
R18,R18
L89,L89
M9989/1,M9989
T139,T139
S822,S822
I849,I849
S720,S720
Z988,Z988
J1890,J189
M538,M538
H029,H029
Z038,Z038
B171,B171
B962,B962
J348,J348
J304,J304
D369,D369
M8932/0,M8932
S014,S014
Z955,Z955
M9080/0,M9080
J398,J398
K628,K628
M8140/3,M8140
M9500/3,M950
R730,R730
Q660,Q660
L409,L409
K469,K469
J47,J47
N63,N63
S931,S931
J029,J029
T1410,T141
S411,S411
I061,I061
I083,I083
I428,I428
N140,N140
O701,O701
E859,E859
R58,R58
R11,R11
S420,S420
R55,R55
N645,N645
K869,K869
J4599,J459
M9180/3,M9180
O829,O829
O619,O619
R798,R798
M8890/0,M8890
G560,G560
K352,K352
E038,E038
L089,L089
B370,B370
K922,K922
H269,H269
Z961,Z961
C609,C609
Z371,Z371
I872,I872
I839,I839
N135,N135
Z466,Z466
T809,T809
E289,E289
E669,E669
Q612,Q612
P250,P250
O840,O840
M8000/1,M8000
N850,N850
N858,N858
O342,O342
K829,K829
I709,I709
O631,O631
D231,D231
H350,H350
M8697,M8697
O703,O703
H2511,H251
H2510,H251
N841,N841
D179,D179
S370,S370
S82201,S82201
J1891,J189
L600,L600
I843,I843
I840,I840
T831,T831
M8010/6,M8010
S8201,S8201
S8991,S899
S5250,S5250
S9201,S9201
O814,O814
O700,O700
O702,O702
O709,O709
K460,K460
G819,G819
I679,I679
H268,H268
J040,J040
H110,H110
E866,E86
T16,T16
Z951,Z951
T171,T171
H2501,H250
H001,H001
I517,I517
T07,T07
I841,I841
O80,O809
B9681,B968
L22,L22
B359,B359
I8915,I891
Z308,Z308
K4091,K409
O699,O699
O681,O681
A630,A630
H2504,H250
K359,K359
S0027,S002
S91,S919
S01,S019
H2590,H259
H2591,H259
H260,H260
H259,H259
A191,A191
Z641,Z641
O622,O622
O335,O335
O623,O623
K635,K635
Q666,Q666
R090,R090
S212,S212
H252,H252
O757,O757
M0689,M0689
S698,S698
S0101,S010
O620,O620
M6021,M6021
Z488,Z488
D236,D236
I313,I313
O698,O698
O690,O690
N818,N818
C383,C383
C765,C765
S925,S925
O151,O151
O458,O458
O318,O318
S525,S525
T149,T149
S310,S310
S523,S523
K37,K37
O641,O641
N433,N433
T093,T093
M8000/6,M8000
D510,D510
O649,O649
M103,M103
T148,T148
N158,N158
C5091,C509
C5090,C509
C412,C412
M8032/3,M8032
G030,G030
B05,B059
L893,L893
D820,D820
E132,E132
N119,N119
M9220/0,M922
Q613,Q613
S9131,S913
T1500,T150
L7211,L721
L720,L720
S344,S344
N600,N600
L7321,L732
K513,K513
L6000,L600
M8895/0,M8895
J352,J352
S92501,S9250
S93300,S933
B029,B029
E104,E104
G632,G632
D609,D609
M109,M109
M10086,M1008
N228,N228
S9130,S913
N210,N210
S8190,S819
J380,J380
J010,J010
D239,D239
S7110,S711
D1791,D179
T1701,T170
S5270,S5270
Z949,Z949
M848,M848
C923,C923
M9930/3,M9930
R688,R688
S42401,S42401
S72301,S72301
T794,T794
R092,R092
I10,I10
B769,B769
S710,S710
O68,O689
D181,D181
S5191,S519
O639,O639
T142,T142
S0190,S019
O750,O750
N950,N950
E790,E790
D172,D172
H360,H360
S8211,S8211
O680,O680
O692,O692
O651,O651
E042,E042
O241,O241
K011,K011
M8050/3,M8050
Z129,Z129
K040,K040
Z382,Z382
M172,M172
N399,N399
Z940,Z940
D269,D269
O663,O663
O650,O650
O839,O839
S999,S999
T531,T531
E869,E86
O640,O640
S92510,S9251
N141,N141
R229,R229
H612,H612
O363,O363
T200,T200
T220,T220
M6008,M6008
O139,O13
N144,N144
A06,A069
D695,D695
Z878,Z878
E149,E149
T140,T140
K839,K839
F330,F330
I489,I48
I959,I959
C449,C449
S524,S524
S730,S730
O333,O333
C710,C710
K353,K353
N418,N418
S611,S611
S835,S835
Z383,Z383
C55,C55
M9085/3,M9085
Z33,Z33
S4001,S400
R101,R101
S051,S051
T110,T110
S4240,S4240
Q256,Q256
D174,D174
N898,N898
O322,O322
E90,E90
S052,S052
H2610,H261
N85,N859
E282,E282
K149,K149
M8381/3,M8381
Z907,Z907
Z512,Z512
S809,S809
S909,S909
T230,T230
A091,A09
D051,D051
M8500/2,M8500
K744,K744
I351,I351
S8221,S8221
J350,J350
H1101,H110
H258,H258
S889,S889
O808,O808
L989,L989
N184,N184
N391,N391
E86,E86
C840,C840
L010,L010
L984,L984
Z478,Z478
I519,I519
T150,T150
M8041/3,M8041
N601,N601
S817,S817
K116,K116
I451,I451
K088,K088
O459,O459
N978,N978
M9231/3,M923
Z353,Z353
Z355,Z355
M8380/3,M8380
Q255,Q255
P282,P282
Z936,Z936
Z904,Z904
S8000,S800
M250,M250
S923,S923
S6230,S6230
S7230,S7230
Z510,Z510
O648,O648
S5230,S5230
B309,B309
E785,E785
I982,I982
S531,S531
S270,S270
S4230,S4230
K275,K275
J330,J330
J342,J342
H1580,H158
H4011,H401
S3680,S3680
S398,S398
O240,O240
M232,M232
M1982,M1982
T858,T858
H2691,H269
S317,S317
S2710,S2710
Z139,Z139
Z011,Z011
Z762,Z762
O029,O029
T659,T659
N103,N10
E833,E833
S141,S141
Z309,Z309
B084,B084
L918,L918
L858,L858
D223,D223
M8724/0,M8724
S0131,S013
E049,E049
D171,D171
R591,R591
D128,D128
M82010/0,M8201
M4319,M4319
M9530/0,M953
D445,D445
M9650/3,M965
M8562/3,M8562
C717,C717
M9380/3,M9380
C320,C320
M9020/3,M9020
K429,K429
S8220,S8220
M9075,M9075
M8180/3,M8180
R601,R601
N649,N649
Z031,Z031
S271,S271
S202,S202
S299,S299
D696,D696
T019,T019
O842,O842
H109,H109
I100,I10
E122,E122
I438,I438
M8140/6,M8140
S065,S065
S832,S832
Z932,Z932
Z433,Z433
S599,S599
S368,S368
S3230,S3230
K351,K351
T181,T181
O731,O731
L209,L209
R000,R000
G936,G936
J44,J449
N970,N970
I99,I99
Z321,Z321
S399,S399
H168,H168
S7290,S7290
R900,R900
M189,M189
M8590/1,M8590
A809,A809
S045,S045
K031,K031
M8160/3,M8160
M198,M198
M418,M418
S623,S623
S820,S820
R104,R104
T361,T361
N973,N973
Z119,Z119
O828,O828
S701,S701
S318,S318
S410,S410
R042,R042
M9400/3,M940
N052,N052
M069,M069
S681,S681
M9961/1,M9961
M8715,M8715
Q611,Q611
S723,S723
C185,C185
O324,O324
J019,J019
B082,B082
R471,R471
O801,O801
J170,J170
M8580/3,M8580
H214,H214
S219,S219
R008,R008
H2690,H269
H2581,H258
S828,S828
S424,S424
S431,S431
T1501,T150
O630,O630
S899,S899
R001,R001
O325,O325
O366,O366
C109,C109
H578,H578
N911,N911
H4022,H402
M000/3,M000
M751,M751
S528,S528
M9084/0,M9084
M844,M844
O621,O621
N298,N298
H2150,H215
C799,C799
H1102,H110
H160,H160
K668,K668
M8785,M8785
L810,L810
L040,L040
I458,I458
N008,N008
K053,K053
H2592,H259
K073,K073
J303,J303
K589,K589
S00,S009
A170,A170
G01,G01
M674,M674
I739,I739
S626,S626
S711,S711
N488,N488
F900,F900
I440,I440
I861,I861
S058,S058
Q874,Q874
H445,H445
Z9881,Z988
M626,M626
G821,G821
K621,K621
M1096,M1096
E877,E877
H600,H600
B964,B964
Z9880,Z988
S609,S609
N969,N96
R740,R740
M10,M109
E14,E149
J381,J381
O331,O331
Z992,Z992
Q012,Q012
S81,S819
R222,R222
B379,B379
K061,K061
K051,K051
K083,K083
Z039,Z039
R05,R05
R064,R064
F419,F419
Z438,Z438
R339,R33
D213,D213
J207,J207
O159,O159
Z37,Z379
E148,E148
L309,L309
O345,O345
H590,H590
Z391,Z391
M1388,M1388
T240,T240
Z518,Z518
K317,K317
J152,J152
D022,D022
C384,C384
N801,N801
B89,B89
H251,H251
I12,I129
S824,S824
E79,E799
S5260,S5260
Z467,Z467
O329,O329
O682,O682
N760,N760
L739,L739
N908,N908
L509,L509
S7210,S7210
N764,N764
Q181,Q181
M0299,M0299
Z292,Z292
M479,M479
S6100,S610
Z9611,Z961
G80,G809
S42000,S42000
K267,K267
K121,K121
B3532,B353
E1450,E145
L970,L97
S82211,S82211
T8461,T846
K102,K102
T016,T016
S218,S218
K044,K044
S560,S560
K045,K045
K4090,K409
S52001,S52001
Z3720,Z372
O624,O624
K269,K269
O69,O699
H028,H028
Z3044,Z304
R223,R223
Q829,Q829
Z490,Z490
I845,I845
K613,K613
T08,T08
C490,C490
H353,H353
H0011,H001
R13,R13
C249,C249
H401,H401
H342,H342
H358,H358
O711,O711
K40,K409
K42,K429
H264,H264
J322,J322
J384,J384
E14286,E142
S721,S721
Z369,Z369
T147,T147
S302,S302
J383,J383
M9590/3,M959
K605,K605
H4311,H431
H3572,H357
H1100,H110
H4020,H402
N630,N63
H1002,H100
H354,H354
M199,M199
N811,N811
K2210,K221
H3531,H353
H3570,H357
H3502,H350
H3530,H353
H3341,H334
H2101,H210
H2641,H264
H2082,H208
H3141,H314
R040,R040
Z9610,Z961
H442,H442
K570,K570
D595,D595
M62838,M6283
B209,B209
O262,O262
O82,O829
C34,C349
C75,C759
M800/1,M800
H433,H433
Z379,Z379
M9391/3,M9391
N979,N979
H024,H024
M9010/0,M9010
C300,C300
D385,D385
M8040/3,M8040
N13,N139
M9430/3,M9430
R220,R220
Q825,Q825
T8402,T840
H440,H440
G804,G804
I150,I150
O0399,O039
J00,J00
C186,C186
O061,O061
C3490,C349
H2680,H268
D216,D216
M8800/0,M880
Z001,Z001
D279,D27
L975,L97
N736,N736
I31,I319
S7200,S7200
C504,C504
D289,D289
C503,C503
N804,N804
C501,C501
R161,R161
R99,R99
N4591,N459
N44,N44
K610,K610
D24,D24
S7211,S7211
C502,C502
K209,K20
L0280,L028
C751,C751
J320,J320
N401,N40
N183,N183
J0510,J051
R1900,R190
H5010,H501
H3532,H353
H2640,H264
N93,N939
C53,C539
H2681,H268
S625,S625
N18,N189
H271,H271
N181,N181
O334,O334
I84,I849
I49,I499
M800/6,M800
C50,C509
H69,H699
S031,S031
S522,S522
I714,I714
K02,K029
M8312/6,M8312
I770,I770
D316,D316
M2408,M2408
L20,L209
C508,C508
H16,H169
D110,D110
D170,D170
D224,D224
M8799,M8799
K041,K041
N751,N751
M9260/3,M926
M9064/3,M9064
Z348,Z348
C495,C495
M8800/3,M880
D763,D763
R131,R13
M678,M678
H352,H352
Z3800,Z380
O63,O639
Z3801,Z380
M1191,M1191
J339,J339
L088,L088
M760,M760
J351,J351
H210,H210
M839,M839
T14,T149
R739,R739
O610,O610
H3109,H310
Q771,Q771
I461,I461
K029,K029
O03,O039
N701,N701
D320,D320
C009,C009
H521,H521
H335,H335
O030,O030
O813,O813
T71,T71
Q371,Q371
C770,C770
H59029,H590
C11,C119
H4021,H402
K601,K601
T828,T828
S364,S364
N1835,N183
H651,H651
H447,H447
Z922,Z922
H0232,H023
C569,C56
Q644,Q644
M2179,M2179
K413,K413
C310,C310
Q381,Q381
T802,T802
L899,L899
B965,B965
C442,C442
H11221,H112
R190,R190
Z121,Z121
G407,G407
C531,C531
C85,C859
M653,M653
M8000/0,M8000
H1106,H110
N321,N321
T146,T146
N995,N995
D351,D351
H178,H178
I729,I729
H058,H058
D169,D169
O30,O309
N500,N500
H111,H111
H522,H522
H114,H114
L929,L929
D010,D010
O330,O330
C480,C480
H6690,H669
T189,T189
K388,K388
S728,S728
A184,A184
S0230,S0230
C448,C448
M3214,M321
M950,M950
R490,R490
H200,H200
N820,N820
O43,O439
Z012,Z012
K8010,K801
E1121,E112
D631,D631
H313,H313
J370,J370
O62,O629
D219,D219
H2682,H268
O8201,O820
K4391,K439
K5730,K573
H4602,H46
M664,M664
E041,E041
O822,O822
I721,I721
D380,D380
J382,J382
C439,C439
N211,N211
E113,E113
H35,H359
Z452,Z452
B378,B378
D103,D103
L97,L97
G309,G309
K626,K626
M8012/3,M8012
S729,S729
O652,O652
H181,H181
O340,O340
E1444,E144
I650,I650
R590,R590
B461,B461
G998,G998
C446,C446
H332,H332
H438,H438
T852,T852
K5720,K572
O411,O411
D249,D24
M8520/3,M8520
Z331,Z33
N359,N359
J310,J310
S863,S863
H000,H000
K62,K629
D140,D140
N20,N209
B070,B07
K57,K579
M658,M658
I844,I844
M8960/3,M8960
C91,C919
O911,O911
Q446,Q446
N802,N802
Z373,Z373
K8012,K801
O323,O323
K3580,K358
C844,C844
Z381,Z381
S825,S825
K863,K863
K629,K629
O61,O619
Z8546,Z854
H400,H400
N329,N329
H501,H501
H330,H330
O659,O659
M8617,M8617
R80,R80
K510,K510
K7031,K703
N819,N819
H059,H059
Z138,Z138
Z232,Z232
Z240,Z240
O809/080,O809
Z370/Z380,Z370
Z390/Z392,Z390
Z246,Z246
T824,T824
L891,L891
D126,D126
D125,D125
M8210/0,M8210
Z132,Z132
O0349,O034
D130,D130
M8052/0,M8052
Z130,Z130
Z135,Z135
I35,I359
I34,I349
S6264,S626
I779,I779
M4186,M4186
J181,J181
Z134,Z134
S8204,S820
S518,S518
G479,G479
M139,M139
D2239,D223
M8720/0,M8720
M791,M791
Z230,Z230
E114,E114
R33,R33
Z340,Z340
K123,K123
M4362,M4362
M9530/3,M953
M8500/,M8500
C71,C719
K625,K625
I848,I848
J328,J328
S517,S517
J20,J209
N813,N813
I510,I510
K439,K439
N0883,N088
C801,C80
D165,D165
M6298,M6298
C479,C479
I889,I889
E0591438,E059
I447,I447
S8280,S8280
M171,M171
S8200,S8200
D127,D127
K51,K519
M9044/3,M9044
S678,S678
C621,C621
T868,T868
K0735,K0735
M151,M151
K819,K819
N188,N188
E11,E119
K35,K359
H40039,H400
C184,C184
I09,I099
S354,S354
M4807,M4807
F039,F03
O831,O831
C530,C530
B99,B99
Z875,Z875
N897,N897
S4300,S4300
S0180,S018
Z305,Z305
M6584,M6584
S61,S619
Z513,Z513
T15,T159
N05,N059
I131,I131
D694,D694
S060,S060
S72901,S7290
T170,T170
T068,T068
S4092,S409
E2822,E282
S36,S369
S37,S379
T835,T835
Z304,Z304
S527,S527
Z439,Z439
N839,N839
O899,O899
M79,M799
D367,D367
I846,I846
D26,D269
Z30,Z309
Z388,Z388
S823,S823
B340,B340
P832,P832
O629,O629
I85,I859
O644,O644
M680,M680
S981,S981
M4797,M4797
K562,K562
S628,S628
F45,F459
S5220,S5220
H470,H470
H189,H189
N602,N602
E8614,E86
S912,S912
M712,M712
N171,N171
O344,O344
S52800,S5280
Q438,Q438
K6289,K628
H4089,H408
S423,S423
K930,K930
S6180,S618
L840,L84
H3300,H330
M9408,M940
C771,C771
M331,M331
A799,A799
A759,A759
Z385,Z385
N750,N750
K623,K623
R224,R224
T180,T180
A181,A181
F410,F410
K130,K130
S91302,S913
M19079,M1907
S04302,S043
J338,J338
S5311,S5311
S5281,S5281
L0311,L031
H341,H341
E1421,E142
S52601,S5260
K914,K914
K550,K550
S52400,S5240
S72401,S72401
L82,L82
D688,D688
S7241,S7241
D215,D215
D211,D211
M201,M201
I862,I862
T275,T275
E030,E030
S510,S510
F458,F458
H179,H179
S860,S860
C494,C494
U04,U049
N72,N72
G468,G468
O809/Z370,O809
M1395,M1395
O349,O349
S526,S526
O879,O879
T846,T846
S826,S826
S699,S699
H26099,H260
G467,G467
Z030,Z030
I847,I847
Z926,Z926
I102,I10
S4210,S4210
C699,C699
R918,R91
N031,N031
T183,T183
T159,T159
K911,K911
Q600,Q600
D760,D760
L900,L900
L0240,L024
M258,M258
S5271,S5271
A188,A188
K770,K770
N81,N819
N816,N816
E78,E789
H701,H701
H2605,H260
F009,F009
E739,E739
C260,C260
M234,M234
D899,D899
O3683,O368
R633,R633
S689,S689
S8250,S8250
J159,J159
H408,H408
H357,H357
O40,O40
T788,T788
T131,T131
M755,M755
O662,O662
S5240,S5240
D210,D210
S7240,S7240
S312,S312
N035,N035
M8004/3,M8004
S6261,S6261
S620,S620
S6263,S626
K229,K229
Z320,Z320
S82800,S8280
I830,I830
M541,M541
S0181,S018
M703,M703
R7301,R730
S5251,S5251
S324,S324
K862,K862
E782,E782
K611,K611
S5280,S5280
M9120/0,M9120
N182,N182
H0000,H000
R638,R638
N070,N070
S627,S627
O089,O089
O0211,O021
O693,O693
S311,S311
D6498801,D649
S935,S935
N00,N009
D440,D440
M9680/3,M968
C649,C64
N159,N159
K120,K120
B279,B279
C443,C443
O220,O220
S62802,S6280
S52411,S5241
S5241,S5241
D821,D821
J910,J91
M7501,M750
D709,D70
H618,H618
Q02,Q02
R73,R739
R068,R068
L923,L923
G470,G470
D474,D474
L249,L249
I482,I48
G464,G464
S4200,S4200
C915,C915
J0390,J039
S069,S069
S521,S521
C767,C767
Z70,Z709
J340,J340
H2711,H271
H3340,H334
O669,O669
H4310,H431
O101,O101
H3301,H330
B085,B085
I713,I713
D117,D117
H4312,H431
S422,S422
I319,I319
D237,D237
D2342,D234
H3482,H348
L732,L732
O890,O890
G319,G319
H3480,H348
R22,R229
S022,S022
S024,S024
S023,S023
E740,E740
P20,P209
I878,I878
D168,D168
M799,M799
K738,K738
K25,K259
R252,R252
C18,C189
N03,N039
J358,J358
C25,C259
L905,L905
R91,R91
H500,H500
H405,H405
Z3700,Z370
H262,H262
H4080,H408
S092,S092
L26,L26
J819,J81
A041,A041
C24,C249
M798,M798
S469,S469
D226,D226
B79,B79
N87,N879
R609,R609
K528,K528
Z3000800,Z300
B49,B49
G529,G529
M089,M089
K31,K319
N97,N979
S52611,S5261
Z900,Z900
J660,J660
L308,L308
G513,G513
S328,S328
R580,R58
Z201,Z201
K056,K056
Q379,Q379
Q630,Q630
Q602,Q602
O880,O880
H25040,H250
M8480/3,M8480
H3602,H3602
H4090,H409
H25041,H250
H3600,H3600
H3330,H333
J42,J42
O369,O369
S8231,S8231
R652,R652
R862,R862
S998,S998
B078,B07
I952,I952
T902,T902
T905,T905
Q174,Q174
Q743,Q743
Q791,Q791
K5299,K529
P032,P032
K000,K000
Q248,Q248
R827,R827
N509,N509
Z358,Z358
Z419,Z419
M200,M200
D752,D752
S6210,S6210
M8020/3,M8020
S2210,S2210
S5231,S5231
M9020/1,M9020
I427,I427
N033,N033
S520,S520
N1392,N139
N812,N812
G002,G002
T8021,T802
A180,A180
O068,O068
H1780,H178
B023,B023
H588,H588
S659,S659
D431,D431
S3990,S399
T919,T919
T915,T915
S363,S363
T923,T923
T172,T172
S8210,S8210
S3690,S3690
S3640,S3640
S3650,S3650
S3700,S3700
S3110,S311
T065,T065
C183,C183
B0820,B082
M2540,M2540
E034,E034
K133,K133
B001,B001
N320,N320
Q790,Q790
S851,S851
T904,T904
S0051,S0051
S032,S032
K765,K765
C164,C164
P200,P200
R17,R17
G563,G563
N814,N814
N498,N498
L7210,L721
S6190,S619
S6181,S618
S6101,S610
L9290,L929
J96,J969
S4241,S4241
E619,E619
D759,D759
M726,M726
J180,J180
M5386,M5386
Z350,Z350
L259,L259
Z492,Z492
O99511,O995
S054,S054
S81001,S810
S52302,S52302
S5312,S5312
S91041,S910
O3421,O342
Z3831,Z383
S91311,S913
A779,A779
B37386,B373
N771,N771
D233,D233
S119,S119
Q369,Q369
T188,T188
L980,L980
K076,K076
Z470,Z470
S313,S313
S82901,S8290
M32,M329
E40,E40
G619,G619
D229,D229
P925,P925
I252,I252
Q309,Q309
M8092/3,M8092
F819,F819
S0110,S011
S42301,S42301
T080,T080
M32186,M321
T2421,T242
M809,M809
M9531/0,M953
J1202,J120
I400,I400
E1143,E114
L539,L539
S3081,S308
S72801,S7280
Q5310,Q531
T064,T064
S059,S059
R188,R18
C800,C800
I454,I454
A059,A059
S821,S821
I700,I700
K59,K599
H527,H527
D214,D214
Q048,Q048
T833,T833
S9230,S9230
S9240,S9240
Z901,Z901
K3189,K318
G40,G409
M8441/3,M8441
M654,M654
R392,R392
C66,C66
O326,O326
S8100,S810
S068,S068
S062,S062
O081,O081
Q200,Q200
Z30017,Z300
R233,R233
E069,E069
S9250,S9250
S9681,S968
F480,F480
H025,H025
C200,C20
Z049,Z049
M9100/0,M9100
I060,I060
S6260,S6260
J011,J011
S371,S371
D282,D282
M9014/0,M9014
J45,J459
E1423,E142
C493,C493
H26090,H260
M8521/6,M852
E1430,E143
K673,K673
M402,M402
N991,N991
K604,K604
S4220,S4220
S462,S462
Z928,Z928
Z923,Z923
N971,N971
E168,E168
M21671,M2167
M8890/3,M8890
T841,T841
Z579,Z579
Q7989,Q798
Q6600,Q660
S52501,S52501
J450,J450
Z376,Z376
H939,H939
Z975,Z975
S82300,S82300
H430,H430
Q6602,Q660
N879,N879
Q6601,Q660
R31,R31
Q1201,Q120
L219,L219
N948,N948
S42300,S42300
M7510,M751
M9401/3,M940
M2202,M220
H3521,H352
H3581,H358
H3331,H333
H3541,H354
H3520,H352
H4051,H405
S561,S561
S3200,S3200
S509,S509
T250,T250
N888,N888
S0540,S054
H3420,H342
C680,C680
Q549,Q549
M8088,M8088
S52301,S52301
A59,A599
H4692,H46
M800/3,M800
M170,M170
N610,N61
E14380,E143
B59,B59
E14381,E143
D260,D260
M6534,M6534
S82101,S82101
B04,B04
P389,P38
S622,S622
B269,B269
Z280,Z280
M254,M254
E834,E834
Q531,Q531
N899,N899
A540,A540
S984,S984
H1600,H160
B049,B04
S314,S314
S807,S807
S273,S273
T1502,T150
O320,O320
O841,O841
Z430,Z430
Z930,Z930
S529,S529
B980,B980
O083,O083
K050,K050
O838,O838
H333,H333
Z933,Z933
M6248,M6248
S499,S499
J129,J129
B009,B009
K624,K624
M602,M602
J188,J188
H169,H169
D310,D310
S9991,S999
S90,S909
S82810,S8281
L0241,L024
N485,N485
N35,N359
L0312,L031
F39,F39
T013,T013
R398,R398
S3993,S399
M6596,M6596
O328,O328
O031,O031
O368,O368
A309,A309
O679,O679
E0480,E048
E0481,E048
S066,S066
R2211,R221
H605,H605
N611,N61
A15,A159
I46,I469
N994,N994
L84,L84
C850,C850
J018,J018
H3092,H309
I130,I130
M8480/6,M8480
O618,O618
P101,P101
N632,N63
D44,D449
D212,D212
M4787,M4787
R140,R14
N312,N312
M8340/3,M8340
H26,H269
K21,K219
K820,K820
M7541,M754
C08,C089
C251,C251
C252,C252
C49,C499
K400,K400
H2141,H214
N46,N46
R195,R195
M9392/3,M9392
S908,S908
E1131,E113
D319,D319
L72,L729
L400,L400
K22,K229
H34,H349
D106,D106
N84,N849
K81,K819
C67,C679
H3481,H348
M9950/3,M9950
I859,I859
I864,I864
L910,L910
M202,M202
Z931,Z931
M899,M899
M9960/1,M9960
J3800,J380
M9020/0,M9020
M1991,M1991
F4321,F4321
C724,C724
M8140/1,M8140
M8050/2,M8050
D093,D093
C41,C419
C16,C169
J343,J343
H020,H020
B079,B07
M9080/3,M9080
E133,E133
H022,H022
Z131,Z131
J386,J386
O645,O645
H045,H045
C440,C440
M8090/3,M8090
H318,H318
M9510/3,M951
S500,S500
C750,C750
D270,D27
K518,K518
C5099,C509
C3499,C349
H215,H215
J3820,J382
D3901,D390
H4081,H408
H2611,H261
Q315,Q315
M8310/3,M8310
K620,K620
D444,D444
H0210,H021
L892,L892
K29,K299
H261,H261
S026,S026
S320,S320
M146,M146
S208,S208
L538,L538
N870,N870
O6201,O620
N195,N19
O660,O660
C54,C549
C696,C696
C110,C110
I831,I831
L405,L405
Q539,Q539
M662,M662
D373,D373
O011,O011
H449,H449
M679,M679
J3501,J350
H119,H119
C020,C020
E011,E011
K263,K263
K293,K293
H5782,H578
H2692,H269
K8051,K805
K401,K401
N924,N924
D25,D259
O800/370,O800
Q370,Q370
N6019,N601
H11009,H110
C319,C319
M245,M245
C44122,C441
K2109,K210
E401,E40
H171,H171
T455,T455
T8684,T868
H40,H409
S7201,S7201
O800/Z370,O800
L729,L729
K36,K36
O810,O810
Q360,Q360
R180,R18
R230,R230
N470,N47
Q544,Q544
Q375,Q375
K402,K402
S632,S632
O309,O309
T18,T189
S929,S929
L988,L988
Q411,Q411
N137,N137
Q180,Q180
O6010800,O601
M8144/3,M8144
E078,E078
C574,C574
Z9049,Z904
H351,H351
A449,A449
M47,M479
C222,C222
H349,H349
C059,C059
K2970,K297
N889,N889
O224,O224
C677,C677
O9981,O998
L208,L208
G239,G239
S8199,S819
S0111,S011
S8191,S819
Z3080,Z308
S6191,S619
M219,M219
M796,M796
N26,N26
C792,C792
H041,H041
L930,L930
S82500,S8250
O655,O655
P95,P95
Q253,Q253
K5732,K573
S501,S501
K2900,K290
R0902,R090
M419,M419
D331,D331
M8000/,M8000
C209,C20
I460,I460
R103,R103
S9110,S911
C472,C472
Q410,Q410
P768,P768
S5671,S567
E849,E849
Z9921,Z992
S2110,S211
N959,N959
B820,B820
H26491,H264
I410,I410
S300,S300
P769,P769
E103,E103
S724,S724
S408,S408
C441,C441
R091,R091
D761,D761
O06,O069
C729,C729
D379,D379
M215,M215
S800,S800
S72309,S72309
E8809,E880
S62309,S6230
N050,N050
C154,C154
T151,T151
T799,T799
K294,K294
J4390,J439
J0600,J060
P269,P269
T2500,T250
T2401,T240
Z9920,Z992
X11,X11
C809,C809
N631,N63
S231,S231
M8013/3,M8013
S683,S683
Z3491,Z349
S930,S930
Z3730,Z373
O664,O664
S82210,S82210
M6295,M6295
M8696,M8696
S002,S002
S337,S337
B451,B451
G021,G021
S335,S335
E118,E118
A539,A539
J219,J219
K1370,K1370
J3489,J348
E329,E329
T543,T543
E896,E896
Z939,Z939
S8212,S821
H26091,H260
L859,L859
M710,M710
G255,G255
K052,K052
S400,S400
J810,J81
M19072,M1907
E1152,E115
S91102,S911
D1723,D172
M1038,M1038
M8430/3,M8430
S562,S562
Z234,Z234
O350,O350
D4871,D487
S8101,S810
D4850,D485
E1451,E145
N2001,N200
E102,E102
H0012,H001
R498,R498
M766,M766
S8240,S8240
J955,J955
S91212,S912
S428,S428
T393,T393
R629,R629
D391/M8000/1,D391
P610,P610
T886,T886
H932,H932
H5221,H522
M6539,M6539
N23,N23
Q61,Q619
H2609,H260
D123,D123
D069,D069
I771,I771
M795,M795
T818,T818
L928,L928
N301,N301
O432,O432
R69,R69
S9251,S9251
S9232,S923
C689,C689
G901,G901
H1121,H112
H1120,H112
B010,B010
M856,M856
S029,S029
M472,M472
L601,L601
K134,K134
O142,O142
I330,I330
D294,D294
S635,S635
T829,T829
N648,N648
A288,A288
K035,K035
E8351,E835
S8181,S818
S921,S921
S0003,S000
J341,J341
J32,J329
O063,O063
T185,T185
M6516,M6516
I480,I48
S8214,S821
Q182,Q182
T222,T222
S829,S829
S1600,S16
C839,C839
M9681/3,M968
I718,I718
Z458,Z458
L0330,L033
Z374,Z374
C945,C945
O0640,O064
J918,J91
S361,S361
N852,N852
E14386,E143
I300,I300
B161,B161
S369,S369
O002,O002
T611,T611
T815,T815
E031,E031
J312,J312
N100,N10
K929,K929
M7910,M7910
H250,H250
T830,T830
I091,I091
G451,G451
I20,I209
R572,R572
J182,J182
M792,M792
M840,M840
M8050/0,M8050
O42,O429
M009,M009
K220,K220
S624,S624
Z34,Z349
K921,K921
E144,E144
M622,M622
N2002,N200
Z801,Z801
R961,R961
S0130,S013
J120,J120
C437,C437
G919,G919
M8120/1,M8120
S3220,S3220
S3280,S3280
C343,C343
M9950/1,M9950
D164,D164
N7093,N709
H184,H184
S211,S211
J850,J850
S801,S801
P2001,P200
H0010,H001
N96,N96
M9506/0,M950
I731,I731
M9970/1,M9970
D479,D479
H356,H356
S971,S971
E0411,E041
M6288,M6288
E040,E040
C929,C929
K26,K269
K52,K529
N259,N259
M8590/3,M8590
S798,S798
S197,S197
S3991,S399
T7199,T71
N8500,N850
R048,R048
K5641,K564
B012,B012
M7988,M7988
S308,S308
E1122,E112
Q351,Q351
F069,F069
S42,S429
D467,D467
S8081,S8081
N912,N912
S79,S799
S799,S799
O050,O050
O0391,O039
R478,R478
S62400,S6240
L080,L080
H113,H113
E079,E079
S004,S004
B770,B770
K938,K938
M2500,M2500
M8018/0,M8018
H663,H663
H71,H71
S8260,S8260
C321,C321
S72911,S7291
I649,I64
S42001,S42001
K281,K281
T711,T71
D371,D371
M842,M842
P005,P005
H1132,H113
T301,T301
M8333/0,M8333
S4071,S407
R066,R066
G551,G551
L0333,L033
E010,E010
A409,A409
H055,H055
I879,I879
F028,F028
R162,R162
S52000,S52000
R599,R599
M9061/3,M9061
K4031,K403
S9085,S908
R198,R198
S52701,S5270
Z908,Z908
S117,S117
J410,J410
M8449,M8449
B369,B369
K261,K261
K227,K227
G408,G408
K7689,K768
J353,J353
S42400,S42400
I776,I776
Z3043,Z304
R911,R91
L109,L109
Q373,Q373
Q378,Q378
S617,S617
S325,S325
Q3691,Q369
B651,B651
M722,M722
M86661,M8666
M8003/1,M8003
D582,D582
Q203,Q203
I778,I778
A170601,A170
F319,F319
Q512,Q512
I411,I411
M9121/0,M912
S607,S607
H3571,H357
T145,T145
T380,T380
I516,I516
A022,A022
O849,O849
M073,M073
L983,L983
L23,L239
Q828,Q828
A711,A711
K1120,K112
M316,M316
S920,S920
F20,F209
B354,B354
L700,L700
N328,N328
H209,H209
H105,H105
H112,H112
H161,H161
M532,M532
N368,N368
S067,S067
P298,P298
L570,L570
D049,D049
S118,S118
D739,D739
K903,K903
S2720,S2720
S5201,S5201
M1992,M1992
M1993,M1993
H619,H619
O460,O460
Z570,Z570
L738,L738
O832,O832
S3720,S3720
S661,S661
L978,L97
H1680,H168
K420,K420
H1681,H168
F23,F239
L979,L97
A151,A151
S8230,S8230
M859,M859
Z960,Z960
M255,M255
L8932,L893
B189,B189
N0838,N083
L3092,L309
N082,N082
M4809,M4809
S373,S373
S203,S203
S761,S761
D485,D485
Z800,Z800
C380,C380
T797,T797
D809,D809
N849,N849
A811,A811
G628,G628
D234,D234
N907,N907
R7303,R730
E11351,E113
Z3700800,Z370
S762,S762
H5213,H521
C02,C029
D46,D469
R92,R92
I2511,I251
I1011,I10
O45,O459
B37,B379
K602,K602
D167,D167
C181,C181
F442,F442
Q760,Q760
H309,H309
O045,O045
O723,O723
C140,C140
J68,J689
S0241,S0241
C15,C159
S564,S564
I401,I401
P546,P546
C161,C161
J35,J359
M008,M008
D3811,D381
T2502,T250
D242,D24
L281,L281
S468,S468
C1818,C181
E1436,E143
O653,O653
K627,K627
M8330/3,M8330
K551,K551
Q605,Q605
H35419,H354
L059,L059
H25,H259
M8200/3,M8200
M711,M711
E853,E853
L982,L982
S6690,S669
M8900/3,M8900
H729,H729
M8011/3,M8011
O809370,O809
C838,C838
Z3700680,Z370
Z3700688,Z370
J958,J958
H3320,H332
C37,C37
I63,I639
M864,M864
M7981,M7981
C150,C150
T173,T173
Z980,Z980
H355,H355
H359,H359
N392,N392
T822,T822
D235,D235
Z431,Z431
D439,D439
E061,E061
N949,N949
S4201,S4201
O209,O209
Z37092600,Z370
H021,H021
L819,L819
J359,J359
Q401,Q401
A0109,A010
J1532,J153
K612,K612
M7288,M7288
P0501,P050
H40221,H402
H2600,H260
C845,C845
D050,D050
M8522/2,M852
I,I
H2522,H252
M7995,M7995
H8139,H813
S660,S660
D0510,D051
E1432,E143
B9562,B956
E1431,E143
P00000,P000
T568,T568
A009,A009
H3500,H350
M128,M128
R748,R748
O0394,O039
C049,C049
C370,C37
M608,M608
H6189,H618
D531,D531
I132,I132
K75,K759
P702,P702
Q396,Q396
R960,R960
R53,R53
C540,C540
C44,C449
M533,M533
H59022,H590
T411,T411
T162,T16
Q899,Q899
H26492,H264
H4010,H401
M1004,M1004
S602,S602
H104,H104
G589,G589
S06400,S0640
S0581,S058
S0191,S019
S0010,S001
S0081,S008
S0011,S001
K054,K054
D046,D046
Z434,Z434
S72001,S72001
N4330,N433
P1281,P128
M62,M629
F890,F89
D6109,D610
B088,B088
N958,N958
C962,C962
K43,K439
P248,P248
S429,S429
T825,T825
A099/E81,A099
O800/E861,O800
F010,F010
C431,C431
E8881,E888
J302,J302
M2506,M2506
M241,M241
C902,C902
C942,C942
I441,I441
D033,D033
E639,E639
Z3807,Z380
T839,T839
M8694,M8694
C714,C714
T198,T198
R2242,R224
D2120,D212
R788,R788
H659,H659
C9100,C910
R700,R700
Z332,Z33
C258,C258
T819,T819
M79950,M7995
H8110,H811
R21,R21
F89,F89
D593,D593
D692,D692
L049,L049
O6981,O698
K661,K661
S72400,S72400
S62801,S6280
C560,C56
J9849,J984
R919,R91
S7111,S711
M190,M190
J811,J81
S61022,S610
H919,H919
S09,S099
O103,O103
N088,N088
M650,M650
K109,K109
K928,K928
I058,I058
T859,T859
D731,D731
M6597,M6597
S51811,S518
Z480,Z480
Z38017,Z380
S5210,S5210
Z468,Z468
Z30012,Z300
K701,K701
N603,N603
G600,G600
S210,S210
D47,D479
E743,E743
Z090,Z090
S228,S228
S129,S129
D121,D121
O8090601,O809
J902,J90
M628,M628
G958,G958
R802,R80
M872,M872
M841,M841
T796,T796
H103,H103
A601,A601
S315,S315
S52401,S5240
S52502,S52502
K2960,K296
O628,O628
O338,O338
E8352,E835
E1140,E114
T290,T290
S1171,S117
B002,B002
R59,R599
C50919,C509
O32,O329
R098,R098
S497,S497
M80103,M8010
S02208,S0220
Z950,Z950
H0451,H045
H5220,H522
H5990,H599
Z3830,Z383
B956,B956
M438,M438
S365,S365
R074,R074
O450,O450
T874,T874
J204,J204
S220,S220
O14,O149
M6098,M6098
Z36,Z369
I494,I494
M161,M161
M7989,M7989
S636,S636
O000,O000
O02,O029
P834,P834
F411,F411
Q430,Q430
S8241,S8241
S1291,S1291
G8190,G819
S5200,S5200
M2538,M2538
C830,C830
N164,N164
E8613,E86
H3609,H3609
K316,K316
I868,I868
M4312,M4312
I743,I743
J452,J452
S427,S427
M707,M707
E13,E139
C268,C268
I088,I088
P375,P375
P711,P711
T914,T914
S109,S109
S2700,S2700
B351,B351
M0686,M0686
S0080,S008
I603,I603
P021,P021
I6340,I634
H5230,H523
H310,H310
H2780,H278
M8080/0,M8080
O283,O283
J150,J150
M8930/3,M8930
M8010/,M8010
C79802,C798
Q120,Q120
C180,C180
I8501,I850
Q042,Q042
D686,D686
T939,T939
T253,T253
D232,D232
Z924,Z924
J01,J019
J13,J13
R160,R160
Z035,Z035
M064,M064
C506,C506
G458,G458
M119,M119
C22,C229
S6280,S6280
S274,S274
S2080,S208
S309,S309
M9070/3,M9070
M1091,M1091
Z920,Z920
S62302,S6230
S42402,S42402
S276,S276
M8441/0,M8441
T918,T918
S131,S131
B068,B068
F171,F171
H3501,H350
G521,G521
H2529,H252
H2622,H262
H4029,H402
D464,D464
S3100,S310
S91301,S913
M7998,M7998
Z303,Z303
N8880,N888
S3240,S3240
Z867,Z867
Z935,Z935
G590,G590
S22301,S2230
S9100,S910
J311,J311
S52801,S5280
K72,K729
P835,P835
M8000/60,M8000
Z903,Z903
D059,D059
H622,H622
S0132,S013
H6102,H610
H911,H911
S8281,S8281
M519,M519
B022,B022
G530,G530
L239,L239
J442,J442
Q011,Q011
S272,S272
D162,D162
M9200/0,M920
P611,P611
O881,O881
I690,I690
M549,M549
C570,C570
E048,E048
I412,I412
S82301,S82301
S3600,S3600
S22400,S2240
O642,O642
S52101,S52101
H6630,H663
Q220,Q220
T636,T636
T223,T223
M8940/0,M8940
M9131/0,M913
M8021/3,M8021
N871,N871
M8440/0,M8440
M8020/0,M8020
Q521,Q521
N768,N768
S52201,S52201
S3610,S3610
K379,K37
N251,N251
S670,S670
M771,M771
S6543,S654
M233,M233
C794,C794
M8448,M8448
Q3599,Q359
M6789,M6789
M2176,M2176
B343,B343
B008,B008
S02402,S02402
Z033,Z033
F132,F132
I708,I708
S5101,S510
K048,K048
S063,S063
E138,E138
M1008,M1008
P570,P570
M9500/6,M950
M169,M169
S5221,S5221
O480,O48
P0510,P051
Q1200,Q120
H614,H614
N069,N069
Q219,Q219
S52600,S5260
C966,C966
M855,M855
Q898,Q898
S6021,S602
Z890,Z890
F41,F419
S680,S680
M6594,M6594
M6530,M6530
S62300,S6230
I772,I772
T010,T010
S8291,S8291
N01,N019
K028,K028
T231,T231
M810,M810
S722,S722
J0190,J019
B449,B449
J1111,J111
C619,C61
S409,S409
D102,D102
D100,D100
O028,O028
N86,N86
A498,A498
F011,F011
T861,T861
M5327,M5327
M5324,M5324
Z3701,Z370
S764,S764
Q523,Q523
E113491,E113
H401120,H401
H40062,H400
M5418,M5418
S72101,S72101
I151,I151
H448,H448
T849,T849
S922,S922
C68,C689
H60549,H605
H61899,H618
J0689,J068
D119,D119
M4802,M4802
O01,O019
S82401,S8240
S82311,S82311
C7900,C790
G969,G969
D150,D150
C866,C866
E11621,E116
H11061,H110
L88,L88
H712,H71
H1791,H179
H0252,H025
J900,J90
D241,D24
M8145/3,M8145
H0240,H024
C381,C381
O033,O033
O10,O109
G519,G519
C791,C791
T792,T792
C693,C693
T850,T850
B957,B957
H2710,H271
H4050,H405
H023,H023
O3240820,O324
C65,C65
R2230,R223
M6780,M6780
C051,C051
Q658,Q658
D733,D733
K430,K430
M51,M519
S3501,S350
N851,N851
O3420821,O342
K920,K920
Z8631,Z863
O037,O037
Q355,Q355
O6400821,O640
Q353,Q353
K148,K148
C829,C829
M80000/3,M8000
J949,J949
H11,H119
K27,K279
T111,T111
G9009,G900
H1030,H103
I4891,I48
D50,D509
A164,A164
S02111,S0211
N322,N322
A096,A09
M8010/2,M8010
M775,M775
N2010,N201
Z9070,Z907
O0010,O001
S630,S630
H188,H188
M773,M773
S568,S568
T211,T211
O755,O755
M651,M651
T191,T191
O900,O900
M4316,M4316
M768,M768
I010,I010
H4331,H433
B162,B162
B018,B018
S7280,S7280
Q382,Q382
Z861,Z861
O632,O632
K91,K919
S898,S898
B373,B373
S112,S112
C549,C549
H0205,H020
H5902,H590
N853,N853
S831,S831
S830,S830
S134,S134
B083,B083
S21201,S212
M0080,M0080
I71,I719
S0083,S008
K70,K709
S92311,S92311
O872,O872
I2510,I251
R2241,R224
H905,H905
Q505,Q505
N835,N835
Q269,Q269
S52010,S52010
L609,L609
O1021,O102
G30,G309
J06,J069
Z833,Z833
B439,B439
P290,P290
A202,A202
N2890,N289
N2891,N289
E1480,E148
S0510,S051
P350,P350
Z711,Z711
N341,N341
M358,M358
M79821,M7982
S70,S709
S42209,S42209
A093,A09
J1801,J180
S9111,S911
B650,B650
C796,C796
S4181,S418
M5437,M5437
J013,J013
E791,E791
M4794,M4794
D442,D442
H2620,H262
E511,E511
R770,R770
S52510,S52510
M9540/0,M954
H019,H019
C772,C772
M8558,M8558
Z082,Z082
Z092,Z092
M8910/3,M8910
M8901/3,M8901
H598,H598
H2580,H258
A179,A179
S9231,S9231
Z966,Z966
S5990,S599
S5991,S599
H1131,H113
T888,T888
S6271,S6271
M8802/3,M880
M1986,M198
H613,H613
G531,G531
H6591,H659
G822,G822
Z916,Z916
L0890,L089
L0892,L089
S8192,S819
R2291,R229
L0891,L089
O602,O602
J156,J156
M3010,M301
S82100,S82100
N471,N47
Z500,Z500
N2000,N200
T391,T391
S5012,S501
S8012,S801
H010,H010
M1397,M1397
S0090,S009
N848,N848
S92710,S9271
B649,B64
E1151,E115
T875,T875
Z894,Z894
S62511,S6251
L971,L97
S9291,S9291
M19960,M199
D2410,D24
E233,E233
T791,T791
T2201,T220
T2101,T210
L0230,L023
A46,A46
L9790,L97
L8915,L891
O811,O811
J178,J178
K1379,K1379
M8784,M8784
N810,N810
O754,O754
L042,L042
T823,T823
S033,S033
G968,G968
Z377,Z377
H66,H669
G990,G990
M6027,M6027
S080,S080
T143,T143
N883,N883
K745,K745
O401,O40
C104,C104
O400,O40
S7220,S7220
M5127,M512
S72143,S721
N6320,N63
K309,K30
L709,L709
S608,S608
I50,I509
N7092,N709
S02602,S02602
S8090,S809
S5080,S5080
S3080,S308
S597,S597
E0410,E041
O715,O715
B963,B963
K7030,K703
H731,H731
C7881,C788
C090,C090
O658,O658
I254,I254
E288,E288
O982,O982
A198,A198
Z911,Z911
J324,J324
N641,N641
O41,O419
S39,S399
O665,O665
K58,K589
O983,O983
N608,N608
N280,N280
T19,T199
E0500,E050
G511,G511
J9811,J981
J3481,J348
G250,G250
G522,G522
A085,A085
G238,G238
B951,B951
J18,J189
N129,N12
H1091,H109
S709,S709
B961,B961
E722,E722
D1722,D172
S80,S809
S9081,S9081
B663,B663
M1007,M1007
I651,I651
T018,T018
L8990,L899
H2181,H218
H2180,H218
H460,H46
C091,C091
M8330/0,M8330
H2642,H264
S59999,S599
R876,R876
D11,D119
K63,K639
M530,M530
M2320,M2320
M932,M932
B2093,B209
M54360,M5436
M71260,M7126
L0302,L030
M2154,M2154
H4682,H46
H2091,H209
H3552,H355
T304,T304
B211,B211
M6543,M6543
H611,H611
M9310/0,M931
C323,C323
M1398,M1398
K068,K068
H2621,H262
H2506,H250
D350,D350
D17,D179
C83,C839
R060,R060
O75,O759
S662,S662
E0520,E052
O36,O369
S89,S899
S8252,S825
R32,R32
M8410/3,M8410
C179,C179
M895/0,M895
Z3700620,Z370
Z3700831,Z370
Z370040,Z370
O8290620,O829
J3392,J339
J901,J90
D4870,D487
H3580,H358
B249,B24
O360,O360
M9071/3,M9071
Q054,Q054
Q795,Q795
